timeStamp,elapsed,label,responseCode,responseMessage,threadName,dataType,success,failureMessage,bytes,sentBytes,grpThreads,allThreads,URL,Latency,IdleTime,Connect
1778805819295,718,Config #3,200,OK,Group #3 1-1,text,true,,231,161,2,6,http://localhost:8079/?token=518499913&user=-1355070315&config=3,711,0,54
1778805819299,1100,Config #2,200,OK,Group #2 2-1,text,false,"The operation lasted too long: It took 1,100 milliseconds, but should not have lasted longer than 800 milliseconds.",231,161,2,6,http://localhost:8079/?token=518499913&user=-1355070315&config=2,1100,0,51
1778805819758,671,Config #3,200,OK,Group #3 1-2,text,true,,231,161,2,6,http://localhost:8079/?token=518499913&user=-1355070315&config=3,671,0,1
1778805819769,1046,Config #2,200,OK,Group #2 2-2,text,false,"The operation lasted too long: It took 1,046 milliseconds, but should not have lasted longer than 800 milliseconds.",231,161,3,9,http://localhost:8079/?token=518499913&user=-1355070315&config=2,1046,0,1
1778805819299,1601,Config #1,200,OK,Group #1 3-1,text,false,"The operation lasted too long: It took 1,601 milliseconds, but should not have lasted longer than 800 milliseconds.",231,161,3,9,http://localhost:8079/?token=518499913&user=-1355070315&config=1,1601,0,50
1778805820471,627,Config #3,200,OK,Group #3 1-3,text,true,,231,161,3,9,http://localhost:8079/?token=518499913&user=-1355070315&config=3,627,0,1
1778805819777,1515,Config #1,200,OK,Group #1 3-2,text,false,"The operation lasted too long: It took 1,515 milliseconds, but should not have lasted longer than 800 milliseconds.",231,161,4,12,http://localhost:8079/?token=518499913&user=-1355070315&config=1,1515,0,1
1778805820483,1076,Config #2,200,OK,Group #2 2-3,text,false,"The operation lasted too long: It took 1,076 milliseconds, but should not have lasted longer than 800 milliseconds.",231,161,4,12,http://localhost:8079/?token=518499913&user=-1355070315&config=2,1076,0,2
1778805821183,642,Config #3,200,OK,Group #3 1-4,text,true,,231,161,4,12,http://localhost:8079/?token=518499913&user=-1355070315&config=3,641,0,1
1778805820494,1449,Config #1,200,OK,Group #1 3-3,text,false,"The operation lasted too long: It took 1,449 milliseconds, but should not have lasted longer than 800 milliseconds.",231,161,5,15,http://localhost:8079/?token=518499913&user=-1355070315&config=1,1449,0,3
1778805821198,1064,Config #2,200,OK,Group #2 2-4,text,false,"The operation lasted too long: It took 1,064 milliseconds, but should not have lasted longer than 800 milliseconds.",231,161,5,15,http://localhost:8079/?token=518499913&user=-1355070315&config=2,1064,0,1
1778805821901,645,Config #3,200,OK,Group #3 1-5,text,true,,231,161,5,15,http://localhost:8079/?token=518499913&user=-1355070315&config=3,645,0,2
1778805821204,1456,Config #1,200,OK,Group #1 3-4,text,false,"The operation lasted too long: It took 1,456 milliseconds, but should not have lasted longer than 800 milliseconds.",231,161,6,18,http://localhost:8079/?token=518499913&user=-1355070315&config=1,1456,0,1
1778805822097,591,Config #3,200,OK,Group #3 1-1,text,true,,231,161,6,18,http://localhost:8079/?token=518499913&user=-1355070315&config=3,591,0,0
1778805821908,1079,Config #2,200,OK,Group #2 2-5,text,false,"The operation lasted too long: It took 1,079 milliseconds, but should not have lasted longer than 800 milliseconds.",231,161,6,18,http://localhost:8079/?token=518499913&user=-1355070315&config=2,1079,0,1
1778805822096,971,Config #2,200,OK,Group #2 2-1,text,false,"The operation lasted too long: It took 971 milliseconds, but should not have lasted longer than 800 milliseconds.",231,161,6,18,http://localhost:8079/?token=518499913&user=-1355070315&config=2,971,0,0
1778805822610,654,Config #3,200,OK,Group #3 1-6,text,true,,231,161,6,18,http://localhost:8079/?token=518499913&user=-1355070315&config=3,654,0,2
1778805822757,575,Config #3,200,OK,Group #3 1-2,text,true,,231,161,7,19,http://localhost:8079/?token=518499913&user=-1355070315&config=3,574,0,0
1778805821918,1472,Config #1,200,OK,Group #1 3-5,text,false,"The operation lasted too long: It took 1,472 milliseconds, but should not have lasted longer than 800 milliseconds.",231,161,7,21,http://localhost:8079/?token=518499913&user=-1355070315&config=1,1472,0,2
1778805822097,1395,Config #1,200,OK,Group #1 3-1,text,false,"The operation lasted too long: It took 1,395 milliseconds, but should not have lasted longer than 800 milliseconds.",231,161,7,21,http://localhost:8079/?token=518499913&user=-1355070315&config=1,1395,0,0
1778805822629,1079,Config #2,200,OK,Group #2 2-6,text,false,"The operation lasted too long: It took 1,079 milliseconds, but should not have lasted longer than 800 milliseconds.",231,161,7,21,http://localhost:8079/?token=518499913&user=-1355070315&config=2,1079,0,1
1778805822769,1024,Config #2,200,OK,Group #2 2-2,text,false,"The operation lasted too long: It took 1,024 milliseconds, but should not have lasted longer than 800 milliseconds.",231,161,7,21,http://localhost:8079/?token=518499913&user=-1355070315&config=2,1024,0,0
1778805823323,654,Config #3,200,OK,Group #3 1-7,text,true,,231,161,7,21,http://localhost:8079/?token=518499913&user=-1355070315&config=3,654,0,2
1778805823469,580,Config #3,200,OK,Group #3 1-3,text,true,,231,161,7,21,http://localhost:8079/?token=518499913&user=-1355070315&config=3,580,0,0
1778805822633,1476,Config #1,200,OK,Group #1 3-6,text,false,"The operation lasted too long: It took 1,476 milliseconds, but should not have lasted longer than 800 milliseconds.",231,161,7,21,http://localhost:8079/?token=518499913&user=-1355070315&config=1,1476,0,1
1778805822776,1375,Config #1,200,OK,Group #1 3-2,text,false,"The operation lasted too long: It took 1,375 milliseconds, but should not have lasted longer than 800 milliseconds.",231,161,7,21,http://localhost:8079/?token=518499913&user=-1355070315&config=1,1375,0,0
1778805823336,1044,Config #2,200,OK,Group #2 2-7,text,false,"The operation lasted too long: It took 1,044 milliseconds, but should not have lasted longer than 800 milliseconds.",231,161,7,21,http://localhost:8079/?token=518499913&user=-1355070315&config=2,1043,0,1
1778805823482,980,Config #2,200,OK,Group #2 2-3,text,false,"The operation lasted too long: It took 980 milliseconds, but should not have lasted longer than 800 milliseconds.",231,161,7,21,http://localhost:8079/?token=518499913&user=-1355070315&config=2,980,0,0
1778805824182,580,Config #3,200,OK,Group #3 1-4,text,true,,231,161,7,21,http://localhost:8079/?token=518499913&user=-1355070315&config=3,580,0,0
1778805823345,1469,Config #1,200,OK,Group #1 3-7,text,false,"The operation lasted too long: It took 1,469 milliseconds, but should not have lasted longer than 800 milliseconds.",231,161,7,21,http://localhost:8079/?token=518499913&user=-1355070315&config=1,1469,0,2
1778805823492,1383,Config #1,200,OK,Group #1 3-3,text,false,"The operation lasted too long: It took 1,383 milliseconds, but should not have lasted longer than 800 milliseconds.",231,161,7,21,http://localhost:8079/?token=518499913&user=-1355070315&config=1,1383,0,0
1778805824198,984,Config #2,200,OK,Group #2 2-4,text,false,"The operation lasted too long: It took 984 milliseconds, but should not have lasted longer than 800 milliseconds.",231,161,7,21,http://localhost:8079/?token=518499913&user=-1355070315&config=2,984,0,0
1778805824900,583,Config #3,200,OK,Group #3 1-5,text,true,,231,161,7,21,http://localhost:8079/?token=518499913&user=-1355070315&config=3,583,0,0
1778805824203,1386,Config #1,200,OK,Group #1 3-4,text,false,"The operation lasted too long: It took 1,386 milliseconds, but should not have lasted longer than 800 milliseconds.",231,161,7,21,http://localhost:8079/?token=518499913&user=-1355070315&config=1,1385,0,0
1778805825097,589,Config #3,200,OK,Group #3 1-1,text,true,,231,161,7,21,http://localhost:8079/?token=518499913&user=-1355070315&config=3,589,0,0
1778805824907,991,Config #2,200,OK,Group #2 2-5,text,false,"The operation lasted too long: It took 991 milliseconds, but should not have lasted longer than 800 milliseconds.",231,161,7,21,http://localhost:8079/?token=518499913&user=-1355070315&config=2,991,0,0
1778805825097,1002,Config #2,200,OK,Group #2 2-1,text,false,"The operation lasted too long: It took 1,002 milliseconds, but should not have lasted longer than 800 milliseconds.",231,161,7,21,http://localhost:8079/?token=518499913&user=-1355070315&config=2,1002,0,0
1778805825610,596,Config #3,200,OK,Group #3 1-6,text,true,,231,161,7,21,http://localhost:8079/?token=518499913&user=-1355070315&config=3,596,0,0
1778805824917,1384,Config #1,200,OK,Group #1 3-5,text,false,"The operation lasted too long: It took 1,384 milliseconds, but should not have lasted longer than 800 milliseconds.",231,161,7,21,http://localhost:8079/?token=518499913&user=-1355070315&config=1,1384,0,0
1778805825757,607,Config #3,200,OK,Group #3 1-2,text,true,,231,161,7,21,http://localhost:8079/?token=518499913&user=-1355070315&config=3,607,0,0
1778805825097,1386,Config #1,200,OK,Group #1 3-1,text,false,"The operation lasted too long: It took 1,386 milliseconds, but should not have lasted longer than 800 milliseconds.",231,161,7,21,http://localhost:8079/?token=518499913&user=-1355070315&config=1,1386,0,0
1778805825628,993,Config #2,200,OK,Group #2 2-6,text,false,"The operation lasted too long: It took 993 milliseconds, but should not have lasted longer than 800 milliseconds.",231,161,7,21,http://localhost:8079/?token=518499913&user=-1355070315&config=2,993,0,0
1778805825769,1037,Config #2,200,OK,Group #2 2-2,text,false,"The operation lasted too long: It took 1,037 milliseconds, but should not have lasted longer than 800 milliseconds.",231,161,7,21,http://localhost:8079/?token=518499913&user=-1355070315&config=2,1037,0,0
1778805826321,593,Config #3,200,OK,Group #3 1-7,text,true,,231,161,7,21,http://localhost:8079/?token=518499913&user=-1355070315&config=3,593,0,0
1778805825633,1399,Config #1,200,OK,Group #1 3-6,text,false,"The operation lasted too long: It took 1,399 milliseconds, but should not have lasted longer than 800 milliseconds.",231,161,7,21,http://localhost:8079/?token=518499913&user=-1355070315&config=1,1399,0,0
1778805826470,611,Config #3,200,OK,Group #3 1-3,text,true,,231,161,7,21,http://localhost:8079/?token=518499913&user=-1355070315&config=3,611,0,0
1778805825775,1441,Config #1,200,OK,Group #1 3-2,text,false,"The operation lasted too long: It took 1,441 milliseconds, but should not have lasted longer than 800 milliseconds.",231,161,7,21,http://localhost:8079/?token=518499913&user=-1355070315&config=1,1441,0,0
1778805826336,993,Config #2,200,OK,Group #2 2-7,text,false,"The operation lasted too long: It took 993 milliseconds, but should not have lasted longer than 800 milliseconds.",231,161,7,21,http://localhost:8079/?token=518499913&user=-1355070315&config=2,993,0,0
1778805826482,999,Config #2,200,OK,Group #2 2-3,text,false,"The operation lasted too long: It took 999 milliseconds, but should not have lasted longer than 800 milliseconds.",231,161,7,21,http://localhost:8079/?token=518499913&user=-1355070315&config=2,999,0,0
1778805826346,1403,Config #1,200,OK,Group #1 3-7,text,false,"The operation lasted too long: It took 1,403 milliseconds, but should not have lasted longer than 800 milliseconds.",231,161,7,21,http://localhost:8079/?token=518499913&user=-1355070315&config=1,1403,0,0
1778805827183,600,Config #3,200,OK,Group #3 1-4,text,true,,231,161,7,21,http://localhost:8079/?token=518499913&user=-1355070315&config=3,600,0,0
1778805826492,1399,Config #1,200,OK,Group #1 3-3,text,false,"The operation lasted too long: It took 1,399 milliseconds, but should not have lasted longer than 800 milliseconds.",231,161,7,21,http://localhost:8079/?token=518499913&user=-1355070315&config=1,1399,0,0
1778805827197,1002,Config #2,200,OK,Group #2 2-4,text,false,"The operation lasted too long: It took 1,002 milliseconds, but should not have lasted longer than 800 milliseconds.",231,161,7,21,http://localhost:8079/?token=518499913&user=-1355070315&config=2,1002,0,0
1778805827900,603,Config #3,200,OK,Group #3 1-5,text,true,,231,161,7,21,http://localhost:8079/?token=518499913&user=-1355070315&config=3,603,0,0
1778805827203,1403,Config #1,200,OK,Group #1 3-4,text,false,"The operation lasted too long: It took 1,403 milliseconds, but should not have lasted longer than 800 milliseconds.",231,161,7,21,http://localhost:8079/?token=518499913&user=-1355070315&config=1,1403,0,0
1778805828097,607,Config #3,200,OK,Group #3 1-1,text,true,,231,161,7,21,http://localhost:8079/?token=518499913&user=-1355070315&config=3,607,0,0
1778805827907,1008,Config #2,200,OK,Group #2 2-5,text,false,"The operation lasted too long: It took 1,008 milliseconds, but should not have lasted longer than 800 milliseconds.",231,161,7,21,http://localhost:8079/?token=518499913&user=-1355070315&config=2,1008,0,0
1778805828096,1011,Config #2,200,OK,Group #2 2-1,text,false,"The operation lasted too long: It took 1,011 milliseconds, but should not have lasted longer than 800 milliseconds.",231,161,7,21,http://localhost:8079/?token=518499913&user=-1355070315&config=2,1011,0,0
1778805828610,610,Config #3,200,OK,Group #3 1-6,text,true,,231,161,7,21,http://localhost:8079/?token=518499913&user=-1355070315&config=3,610,0,0
1778805827917,1405,Config #1,200,OK,Group #1 3-5,text,false,"The operation lasted too long: It took 1,405 milliseconds, but should not have lasted longer than 800 milliseconds.",231,161,7,21,http://localhost:8079/?token=518499913&user=-1355070315&config=1,1405,0,0
1778805828757,614,Config #3,200,OK,Group #3 1-2,text,true,,231,161,7,21,http://localhost:8079/?token=518499913&user=-1355070315&config=3,614,0,0
1778805828097,1408,Config #1,200,OK,Group #1 3-1,text,false,"The operation lasted too long: It took 1,408 milliseconds, but should not have lasted longer than 800 milliseconds.",231,161,7,21,http://localhost:8079/?token=518499913&user=-1355070315&config=1,1408,0,0
1778805828629,1023,Config #2,200,OK,Group #2 2-6,text,false,"The operation lasted too long: It took 1,023 milliseconds, but should not have lasted longer than 800 milliseconds.",231,161,7,21,http://localhost:8079/?token=518499913&user=-1355070315&config=2,1023,0,0
1778805828769,1017,Config #2,200,OK,Group #2 2-2,text,false,"The operation lasted too long: It took 1,017 milliseconds, but should not have lasted longer than 800 milliseconds.",231,161,7,21,http://localhost:8079/?token=518499913&user=-1355070315&config=2,1017,0,0
1778805829321,616,Config #3,200,OK,Group #3 1-7,text,true,,231,161,7,21,http://localhost:8079/?token=518499913&user=-1355070315&config=3,616,0,0
1778805828633,1425,Config #1,200,OK,Group #1 3-6,text,false,"The operation lasted too long: It took 1,425 milliseconds, but should not have lasted longer than 800 milliseconds.",231,161,7,21,http://localhost:8079/?token=518499913&user=-1355070315&config=1,1425,0,0
1778805829469,620,Config #3,200,OK,Group #3 1-3,text,true,,231,161,7,21,http://localhost:8079/?token=518499913&user=-1355070315&config=3,620,0,0
1778805828775,1417,Config #1,200,OK,Group #1 3-2,text,false,"The operation lasted too long: It took 1,417 milliseconds, but should not have lasted longer than 800 milliseconds.",231,161,7,21,http://localhost:8079/?token=518499913&user=-1355070315&config=1,1417,0,0
1778805829335,1015,Config #2,200,OK,Group #2 2-7,text,false,"The operation lasted too long: It took 1,015 milliseconds, but should not have lasted longer than 800 milliseconds.",231,161,7,21,http://localhost:8079/?token=518499913&user=-1355070315&config=2,1015,0,0
1778805829482,1016,Config #2,200,OK,Group #2 2-3,text,false,"The operation lasted too long: It took 1,016 milliseconds, but should not have lasted longer than 800 milliseconds.",231,161,7,21,http://localhost:8079/?token=518499913&user=-1355070315&config=2,1016,0,0
1778805829345,1415,Config #1,200,OK,Group #1 3-7,text,false,"The operation lasted too long: It took 1,415 milliseconds, but should not have lasted longer than 800 milliseconds.",231,161,7,21,http://localhost:8079/?token=518499913&user=-1355070315&config=1,1415,0,0
1778805830182,615,Config #3,200,OK,Group #3 1-4,text,true,,231,161,7,21,http://localhost:8079/?token=518499913&user=-1355070315&config=3,615,0,0
1778805829492,1416,Config #1,200,OK,Group #1 3-3,text,false,"The operation lasted too long: It took 1,416 milliseconds, but should not have lasted longer than 800 milliseconds.",231,161,7,21,http://localhost:8079/?token=518499913&user=-1355070315&config=1,1416,0,0
1778805830198,1017,Config #2,200,OK,Group #2 2-4,text,false,"The operation lasted too long: It took 1,017 milliseconds, but should not have lasted longer than 800 milliseconds.",231,161,7,21,http://localhost:8079/?token=518499913&user=-1355070315&config=2,1016,0,0
1778805830900,614,Config #3,200,OK,Group #3 1-5,text,true,,231,161,7,21,http://localhost:8079/?token=518499913&user=-1355070315&config=3,613,0,0
1778805830203,1417,Config #1,200,OK,Group #1 3-4,text,false,"The operation lasted too long: It took 1,417 milliseconds, but should not have lasted longer than 800 milliseconds.",231,161,7,21,http://localhost:8079/?token=518499913&user=-1355070315&config=1,1417,0,0
1778805831096,627,Config #3,200,OK,Group #3 1-1,text,true,,231,161,7,21,http://localhost:8079/?token=518499913&user=-1355070315&config=3,627,0,0
1778805830907,1116,Config #2,200,OK,Group #2 2-5,text,false,"The operation lasted too long: It took 1,116 milliseconds, but should not have lasted longer than 800 milliseconds.",231,161,7,21,http://localhost:8079/?token=518499913&user=-1355070315&config=2,1116,0,0
1778805831096,1025,Config #2,200,OK,Group #2 2-1,text,false,"The operation lasted too long: It took 1,025 milliseconds, but should not have lasted longer than 800 milliseconds.",231,161,7,21,http://localhost:8079/?token=518499913&user=-1355070315&config=2,1025,0,0
1778805831610,616,Config #3,200,OK,Group #3 1-6,text,true,,231,161,7,21,http://localhost:8079/?token=518499913&user=-1355070315&config=3,616,0,0
1778805830917,1419,Config #1,200,OK,Group #1 3-5,text,false,"The operation lasted too long: It took 1,419 milliseconds, but should not have lasted longer than 800 milliseconds.",231,161,7,21,http://localhost:8079/?token=518499913&user=-1355070315&config=1,1419,0,0
1778805831758,659,Config #3,200,OK,Group #3 1-2,text,true,,231,161,7,21,http://localhost:8079/?token=518499913&user=-1355070315&config=3,659,0,0
1778805831096,1424,Config #1,200,OK,Group #1 3-1,text,false,"The operation lasted too long: It took 1,424 milliseconds, but should not have lasted longer than 800 milliseconds.",231,161,7,21,http://localhost:8079/?token=518499913&user=-1355070315&config=1,1424,0,0
1778805831628,1019,Config #2,200,OK,Group #2 2-6,text,false,"The operation lasted too long: It took 1,019 milliseconds, but should not have lasted longer than 800 milliseconds.",231,161,7,21,http://localhost:8079/?token=518499913&user=-1355070315&config=2,1019,0,0
1778805831777,1068,Config #2,200,OK,Group #2 2-2,text,false,"The operation lasted too long: It took 1,068 milliseconds, but should not have lasted longer than 800 milliseconds.",231,161,7,21,http://localhost:8079/?token=518499913&user=-1355070315&config=2,1067,0,0
1778805832321,620,Config #3,200,OK,Group #3 1-7,text,true,,231,161,7,21,http://localhost:8079/?token=518499913&user=-1355070315&config=3,620,0,0
1778805831633,1422,Config #1,200,OK,Group #1 3-6,text,false,"The operation lasted too long: It took 1,422 milliseconds, but should not have lasted longer than 800 milliseconds.",231,161,7,21,http://localhost:8079/?token=518499913&user=-1355070315&config=1,1422,0,0
1778805832469,629,Config #3,200,OK,Group #3 1-3,text,true,,231,161,7,21,http://localhost:8079/?token=518499913&user=-1355070315&config=3,629,0,0
1778805831787,1503,Config #1,200,OK,Group #1 3-2,text,false,"The operation lasted too long: It took 1,503 milliseconds, but should not have lasted longer than 800 milliseconds.",231,161,7,21,http://localhost:8079/?token=518499913&user=-1355070315&config=1,1503,0,0
1778805832336,1021,Config #2,200,OK,Group #2 2-7,text,false,"The operation lasted too long: It took 1,021 milliseconds, but should not have lasted longer than 800 milliseconds.",231,161,7,21,http://localhost:8079/?token=518499913&user=-1355070315&config=2,1021,0,0
1778805832483,1023,Config #2,200,OK,Group #2 2-3,text,false,"The operation lasted too long: It took 1,023 milliseconds, but should not have lasted longer than 800 milliseconds.",231,161,7,21,http://localhost:8079/?token=518499913&user=-1355070315&config=2,1023,0,0
1778805832345,1421,Config #1,200,OK,Group #1 3-7,text,false,"The operation lasted too long: It took 1,421 milliseconds, but should not have lasted longer than 800 milliseconds.",231,161,7,21,http://localhost:8079/?token=518499913&user=-1355070315&config=1,1421,0,0
1778805833183,617,Config #3,200,OK,Group #3 1-4,text,true,,231,161,7,21,http://localhost:8079/?token=518499913&user=-1355070315&config=3,617,0,0
1778805832492,1424,Config #1,200,OK,Group #1 3-3,text,false,"The operation lasted too long: It took 1,424 milliseconds, but should not have lasted longer than 800 milliseconds.",231,161,7,21,http://localhost:8079/?token=518499913&user=-1355070315&config=1,1424,0,0
1778805833197,1018,Config #2,200,OK,Group #2 2-4,text,false,"The operation lasted too long: It took 1,018 milliseconds, but should not have lasted longer than 800 milliseconds.",231,161,7,21,http://localhost:8079/?token=518499913&user=-1355070315&config=2,1018,0,0
1778805833899,614,Config #3,200,OK,Group #3 1-5,text,true,,231,161,7,21,http://localhost:8079/?token=518499913&user=-1355070315&config=3,614,0,0
1778805833203,1420,Config #1,200,OK,Group #1 3-4,text,false,"The operation lasted too long: It took 1,420 milliseconds, but should not have lasted longer than 800 milliseconds.",231,161,7,21,http://localhost:8079/?token=518499913&user=-1355070315&config=1,1420,0,0
1778805834096,623,Config #3,200,OK,Group #3 1-1,text,true,,231,161,7,21,http://localhost:8079/?token=518499913&user=-1355070315&config=3,623,0,0
1778805833909,1020,Config #2,200,OK,Group #2 2-5,text,false,"The operation lasted too long: It took 1,020 milliseconds, but should not have lasted longer than 800 milliseconds.",231,161,7,21,http://localhost:8079/?token=518499913&user=-1355070315&config=2,1020,0,0
1778805834096,1026,Config #2,200,OK,Group #2 2-1,text,false,"The operation lasted too long: It took 1,026 milliseconds, but should not have lasted longer than 800 milliseconds.",231,161,7,21,http://localhost:8079/?token=518499913&user=-1355070315&config=2,1026,0,0
1778805834609,618,Config #3,200,OK,Group #3 1-6,text,true,,231,161,7,21,http://localhost:8079/?token=518499913&user=-1355070315&config=3,617,0,0
1778805833917,1417,Config #1,200,OK,Group #1 3-5,text,false,"The operation lasted too long: It took 1,417 milliseconds, but should not have lasted longer than 800 milliseconds.",231,161,7,21,http://localhost:8079/?token=518499913&user=-1355070315&config=1,1417,0,0
1778805834757,624,Config #3,200,OK,Group #3 1-2,text,true,,231,161,7,21,http://localhost:8079/?token=518499913&user=-1355070315&config=3,624,0,0
1778805834096,1426,Config #1,200,OK,Group #1 3-1,text,false,"The operation lasted too long: It took 1,426 milliseconds, but should not have lasted longer than 800 milliseconds.",231,161,7,21,http://localhost:8079/?token=518499913&user=-1355070315&config=1,1426,0,0
1778805834628,1021,Config #2,200,OK,Group #2 2-6,text,false,"The operation lasted too long: It took 1,021 milliseconds, but should not have lasted longer than 800 milliseconds.",231,161,7,21,http://localhost:8079/?token=518499913&user=-1355070315&config=2,1021,0,0
1778805834768,1021,Config #2,200,OK,Group #2 2-2,text,false,"The operation lasted too long: It took 1,021 milliseconds, but should not have lasted longer than 800 milliseconds.",231,161,7,21,http://localhost:8079/?token=518499913&user=-1355070315&config=2,1020,0,0
1778805835322,619,Config #3,200,OK,Group #3 1-7,text,true,,231,161,7,21,http://localhost:8079/?token=518499913&user=-1355070315&config=3,619,0,0
1778805834632,1424,Config #1,200,OK,Group #1 3-6,text,false,"The operation lasted too long: It took 1,424 milliseconds, but should not have lasted longer than 800 milliseconds.",231,161,7,21,http://localhost:8079/?token=518499913&user=-1355070315&config=1,1424,0,0
1778805835469,625,Config #3,200,OK,Group #3 1-3,text,true,,231,161,7,21,http://localhost:8079/?token=518499913&user=-1355070315&config=3,625,0,0
1778805834776,1427,Config #1,200,OK,Group #1 3-2,text,false,"The operation lasted too long: It took 1,427 milliseconds, but should not have lasted longer than 800 milliseconds.",231,161,7,21,http://localhost:8079/?token=518499913&user=-1355070315&config=1,1427,0,0
1778805835336,1020,Config #2,200,OK,Group #2 2-7,text,false,"The operation lasted too long: It took 1,020 milliseconds, but should not have lasted longer than 800 milliseconds.",231,161,7,21,http://localhost:8079/?token=518499913&user=-1355070315&config=2,1020,0,0
1778805835483,1032,Config #2,200,OK,Group #2 2-3,text,false,"The operation lasted too long: It took 1,032 milliseconds, but should not have lasted longer than 800 milliseconds.",231,161,7,21,http://localhost:8079/?token=518499913&user=-1355070315&config=2,1032,0,0
1778805835345,1421,Config #1,200,OK,Group #1 3-7,text,false,"The operation lasted too long: It took 1,421 milliseconds, but should not have lasted longer than 800 milliseconds.",231,161,7,21,http://localhost:8079/?token=518499913&user=-1355070315&config=1,1421,0,0
1778805836182,620,Config #3,200,OK,Group #3 1-4,text,true,,231,161,7,21,http://localhost:8079/?token=518499913&user=-1355070315&config=3,620,0,0
1778805835492,1435,Config #1,200,OK,Group #1 3-3,text,false,"The operation lasted too long: It took 1,435 milliseconds, but should not have lasted longer than 800 milliseconds.",231,161,7,21,http://localhost:8079/?token=518499913&user=-1355070315&config=1,1435,0,0
1778805836197,1019,Config #2,200,OK,Group #2 2-4,text,false,"The operation lasted too long: It took 1,019 milliseconds, but should not have lasted longer than 800 milliseconds.",231,161,7,21,http://localhost:8079/?token=518499913&user=-1355070315&config=2,1019,0,0
1778805836900,614,Config #3,200,OK,Group #3 1-5,text,true,,231,161,7,21,http://localhost:8079/?token=518499913&user=-1355070315&config=3,614,0,0
1778805836203,1420,Config #1,200,OK,Group #1 3-4,text,false,"The operation lasted too long: It took 1,420 milliseconds, but should not have lasted longer than 800 milliseconds.",231,161,7,21,http://localhost:8079/?token=518499913&user=-1355070315&config=1,1420,0,0
1778805837097,628,Config #3,200,OK,Group #3 1-1,text,true,,231,161,7,21,http://localhost:8079/?token=518499913&user=-1355070315&config=3,628,0,0
1778805836908,1016,Config #2,200,OK,Group #2 2-5,text,false,"The operation lasted too long: It took 1,016 milliseconds, but should not have lasted longer than 800 milliseconds.",231,161,7,21,http://localhost:8079/?token=518499913&user=-1355070315&config=2,1016,0,0
1778805837097,1026,Config #2,200,OK,Group #2 2-1,text,false,"The operation lasted too long: It took 1,026 milliseconds, but should not have lasted longer than 800 milliseconds.",231,161,7,21,http://localhost:8079/?token=518499913&user=-1355070315&config=2,1026,0,0
1778805837609,616,Config #3,200,OK,Group #3 1-6,text,true,,231,161,7,21,http://localhost:8079/?token=518499913&user=-1355070315&config=3,616,0,0
1778805836918,1420,Config #1,200,OK,Group #1 3-5,text,false,"The operation lasted too long: It took 1,420 milliseconds, but should not have lasted longer than 800 milliseconds.",231,161,7,21,http://localhost:8079/?token=518499913&user=-1355070315&config=1,1420,0,0
1778805837757,623,Config #3,200,OK,Group #3 1-2,text,true,,231,161,7,21,http://localhost:8079/?token=518499913&user=-1355070315&config=3,623,0,0
1778805837096,1430,Config #1,200,OK,Group #1 3-1,text,false,"The operation lasted too long: It took 1,430 milliseconds, but should not have lasted longer than 800 milliseconds.",231,161,7,21,http://localhost:8079/?token=518499913&user=-1355070315&config=1,1430,0,0
1778805837629,1020,Config #2,200,OK,Group #2 2-6,text,false,"The operation lasted too long: It took 1,020 milliseconds, but should not have lasted longer than 800 milliseconds.",231,161,7,21,http://localhost:8079/?token=518499913&user=-1355070315&config=2,1020,0,0
1778805837768,1027,Config #2,200,OK,Group #2 2-2,text,false,"The operation lasted too long: It took 1,027 milliseconds, but should not have lasted longer than 800 milliseconds.",231,161,7,21,http://localhost:8079/?token=518499913&user=-1355070315&config=2,1027,0,0
1778805838322,616,Config #3,200,OK,Group #3 1-7,text,true,,231,161,7,21,http://localhost:8079/?token=518499913&user=-1355070315&config=3,615,0,0
1778805837632,1425,Config #1,200,OK,Group #1 3-6,text,false,"The operation lasted too long: It took 1,425 milliseconds, but should not have lasted longer than 800 milliseconds.",231,161,7,21,http://localhost:8079/?token=518499913&user=-1355070315&config=1,1425,0,0
1778805838469,627,Config #3,200,OK,Group #3 1-3,text,true,,231,161,7,21,http://localhost:8079/?token=518499913&user=-1355070315&config=3,627,0,0
1778805837776,1427,Config #1,200,OK,Group #1 3-2,text,false,"The operation lasted too long: It took 1,427 milliseconds, but should not have lasted longer than 800 milliseconds.",231,161,7,21,http://localhost:8079/?token=518499913&user=-1355070315&config=1,1427,0,0
1778805838336,1022,Config #2,200,OK,Group #2 2-7,text,false,"The operation lasted too long: It took 1,022 milliseconds, but should not have lasted longer than 800 milliseconds.",231,161,7,21,http://localhost:8079/?token=518499913&user=-1355070315&config=2,1022,0,0
1778805838483,1021,Config #2,200,OK,Group #2 2-3,text,false,"The operation lasted too long: It took 1,021 milliseconds, but should not have lasted longer than 800 milliseconds.",231,161,7,21,http://localhost:8079/?token=518499913&user=-1355070315&config=2,1021,0,0
1778805838345,1422,Config #1,200,OK,Group #1 3-7,text,false,"The operation lasted too long: It took 1,422 milliseconds, but should not have lasted longer than 800 milliseconds.",231,161,7,21,http://localhost:8079/?token=518499913&user=-1355070315&config=1,1422,0,0
1778805839183,618,Config #3,200,OK,Group #3 1-4,text,true,,231,161,7,21,http://localhost:8079/?token=518499913&user=-1355070315&config=3,618,0,0
1778805838492,1423,Config #1,200,OK,Group #1 3-3,text,false,"The operation lasted too long: It took 1,423 milliseconds, but should not have lasted longer than 800 milliseconds.",231,161,7,21,http://localhost:8079/?token=518499913&user=-1355070315&config=1,1423,0,0
1778805839198,1021,Config #2,200,OK,Group #2 2-4,text,false,"The operation lasted too long: It took 1,021 milliseconds, but should not have lasted longer than 800 milliseconds.",231,161,7,21,http://localhost:8079/?token=518499913&user=-1355070315&config=2,1021,0,0
1778805839901,620,Config #3,200,OK,Group #3 1-5,text,true,,231,161,7,21,http://localhost:8079/?token=518499913&user=-1355070315&config=3,620,0,0
1778805839204,1424,Config #1,200,OK,Group #1 3-4,text,false,"The operation lasted too long: It took 1,424 milliseconds, but should not have lasted longer than 800 milliseconds.",231,161,7,21,http://localhost:8079/?token=518499913&user=-1355070315&config=1,1424,0,0
1778805840098,620,Config #3,200,OK,Group #3 1-1,text,true,,231,161,7,21,http://localhost:8079/?token=518499913&user=-1355070315&config=3,620,0,0
1778805839908,1019,Config #2,200,OK,Group #2 2-5,text,false,"The operation lasted too long: It took 1,019 milliseconds, but should not have lasted longer than 800 milliseconds.",231,161,7,21,http://localhost:8079/?token=518499913&user=-1355070315&config=2,1019,0,0
1778805840097,1022,Config #2,200,OK,Group #2 2-1,text,false,"The operation lasted too long: It took 1,022 milliseconds, but should not have lasted longer than 800 milliseconds.",231,161,7,21,http://localhost:8079/?token=518499913&user=-1355070315&config=2,1022,0,0
1778805840610,619,Config #3,200,OK,Group #3 1-6,text,true,,231,161,7,21,http://localhost:8079/?token=518499913&user=-1355070315&config=3,619,0,0
1778805839919,1416,Config #1,200,OK,Group #1 3-5,text,false,"The operation lasted too long: It took 1,416 milliseconds, but should not have lasted longer than 800 milliseconds.",231,161,7,21,http://localhost:8079/?token=518499913&user=-1355070315&config=1,1416,0,0
1778805840759,621,Config #3,200,OK,Group #3 1-2,text,true,,231,161,7,21,http://localhost:8079/?token=518499913&user=-1355070315&config=3,621,0,0
1778805840098,1419,Config #1,200,OK,Group #1 3-1,text,false,"The operation lasted too long: It took 1,419 milliseconds, but should not have lasted longer than 800 milliseconds.",231,161,7,21,http://localhost:8079/?token=518499913&user=-1355070315&config=1,1419,0,0
1778805840630,1022,Config #2,200,OK,Group #2 2-6,text,false,"The operation lasted too long: It took 1,022 milliseconds, but should not have lasted longer than 800 milliseconds.",231,161,7,21,http://localhost:8079/?token=518499913&user=-1355070315&config=2,1022,0,0
1778805840769,1022,Config #2,200,OK,Group #2 2-2,text,false,"The operation lasted too long: It took 1,022 milliseconds, but should not have lasted longer than 800 milliseconds.",231,161,7,21,http://localhost:8079/?token=518499913&user=-1355070315&config=2,1022,0,0
1778805841322,629,Config #3,200,OK,Group #3 1-7,text,true,,231,161,7,21,http://localhost:8079/?token=518499913&user=-1355070315&config=3,629,0,0
1778805840633,1430,Config #1,200,OK,Group #1 3-6,text,false,"The operation lasted too long: It took 1,430 milliseconds, but should not have lasted longer than 800 milliseconds.",231,161,7,21,http://localhost:8079/?token=518499913&user=-1355070315&config=1,1430,0,0
1778805841471,621,Config #3,200,OK,Group #3 1-3,text,true,,231,161,7,21,http://localhost:8079/?token=518499913&user=-1355070315&config=3,621,0,0
1778805840776,1424,Config #1,200,OK,Group #1 3-2,text,false,"The operation lasted too long: It took 1,424 milliseconds, but should not have lasted longer than 800 milliseconds.",231,161,7,21,http://localhost:8079/?token=518499913&user=-1355070315&config=1,1424,0,0
1778805841336,1021,Config #2,200,OK,Group #2 2-7,text,false,"The operation lasted too long: It took 1,021 milliseconds, but should not have lasted longer than 800 milliseconds.",231,161,7,21,http://localhost:8079/?token=518499913&user=-1355070315&config=2,1021,0,0
1778805841483,1033,Config #2,200,OK,Group #2 2-3,text,false,"The operation lasted too long: It took 1,033 milliseconds, but should not have lasted longer than 800 milliseconds.",231,161,7,21,http://localhost:8079/?token=518499913&user=-1355070315&config=2,1033,0,0
1778805841346,1438,Config #1,200,OK,Group #1 3-7,text,false,"The operation lasted too long: It took 1,438 milliseconds, but should not have lasted longer than 800 milliseconds.",231,161,7,21,http://localhost:8079/?token=518499913&user=-1355070315&config=1,1437,0,0
1778805842183,623,Config #3,200,OK,Group #3 1-4,text,true,,231,161,7,21,http://localhost:8079/?token=518499913&user=-1355070315&config=3,623,0,0
1778805841493,1423,Config #1,200,OK,Group #1 3-3,text,false,"The operation lasted too long: It took 1,423 milliseconds, but should not have lasted longer than 800 milliseconds.",231,161,7,21,http://localhost:8079/?token=518499913&user=-1355070315&config=1,1423,0,0
1778805842198,1020,Config #2,200,OK,Group #2 2-4,text,false,"The operation lasted too long: It took 1,020 milliseconds, but should not have lasted longer than 800 milliseconds.",231,161,7,21,http://localhost:8079/?token=518499913&user=-1355070315&config=2,1019,0,0
1778805842900,614,Config #3,200,OK,Group #3 1-5,text,true,,231,161,7,21,http://localhost:8079/?token=518499913&user=-1355070315&config=3,614,0,0
1778805842204,1421,Config #1,200,OK,Group #1 3-4,text,false,"The operation lasted too long: It took 1,421 milliseconds, but should not have lasted longer than 800 milliseconds.",231,161,7,21,http://localhost:8079/?token=518499913&user=-1355070315&config=1,1421,0,0
1778805843098,625,Config #3,200,OK,Group #3 1-1,text,true,,231,161,7,21,http://localhost:8079/?token=518499913&user=-1355070315&config=3,625,0,0
1778805842908,1015,Config #2,200,OK,Group #2 2-5,text,false,"The operation lasted too long: It took 1,015 milliseconds, but should not have lasted longer than 800 milliseconds.",231,161,7,21,http://localhost:8079/?token=518499913&user=-1355070315&config=2,1015,0,0
1778805843098,1025,Config #2,200,OK,Group #2 2-1,text,false,"The operation lasted too long: It took 1,025 milliseconds, but should not have lasted longer than 800 milliseconds.",231,161,7,21,http://localhost:8079/?token=518499913&user=-1355070315&config=2,1025,0,0
1778805843610,616,Config #3,200,OK,Group #3 1-6,text,true,,231,161,7,21,http://localhost:8079/?token=518499913&user=-1355070315&config=3,615,0,0
1778805842918,1420,Config #1,200,OK,Group #1 3-5,text,false,"The operation lasted too long: It took 1,420 milliseconds, but should not have lasted longer than 800 milliseconds.",231,161,7,21,http://localhost:8079/?token=518499913&user=-1355070315&config=1,1420,0,0
1778805843758,621,Config #3,200,OK,Group #3 1-2,text,true,,231,161,7,21,http://localhost:8079/?token=518499913&user=-1355070315&config=3,621,0,0
1778805843097,1415,Config #1,200,OK,Group #1 3-1,text,false,"The operation lasted too long: It took 1,415 milliseconds, but should not have lasted longer than 800 milliseconds.",231,161,7,21,http://localhost:8079/?token=518499913&user=-1355070315&config=1,1415,0,0
1778805843629,1021,Config #2,200,OK,Group #2 2-6,text,false,"The operation lasted too long: It took 1,021 milliseconds, but should not have lasted longer than 800 milliseconds.",231,161,7,21,http://localhost:8079/?token=518499913&user=-1355070315&config=2,1021,0,0
1778805843770,1023,Config #2,200,OK,Group #2 2-2,text,false,"The operation lasted too long: It took 1,023 milliseconds, but should not have lasted longer than 800 milliseconds.",231,161,7,21,http://localhost:8079/?token=518499913&user=-1355070315&config=2,1023,0,0
1778805844322,620,Config #3,200,OK,Group #3 1-7,text,true,,231,161,7,21,http://localhost:8079/?token=518499913&user=-1355070315&config=3,620,0,0
1778805843633,1421,Config #1,200,OK,Group #1 3-6,text,false,"The operation lasted too long: It took 1,421 milliseconds, but should not have lasted longer than 800 milliseconds.",231,161,7,21,http://localhost:8079/?token=518499913&user=-1355070315&config=1,1421,0,0
1778805844469,623,Config #3,200,OK,Group #3 1-3,text,true,,231,161,7,21,http://localhost:8079/?token=518499913&user=-1355070315&config=3,623,0,0
1778805843777,1422,Config #1,200,OK,Group #1 3-2,text,false,"The operation lasted too long: It took 1,422 milliseconds, but should not have lasted longer than 800 milliseconds.",231,161,7,21,http://localhost:8079/?token=518499913&user=-1355070315&config=1,1422,0,0
1778805844335,1089,Config #2,200,OK,Group #2 2-7,text,false,"The operation lasted too long: It took 1,089 milliseconds, but should not have lasted longer than 800 milliseconds.",231,161,7,21,http://localhost:8079/?token=518499913&user=-1355070315&config=2,1089,0,0
1778805844483,1021,Config #2,200,OK,Group #2 2-3,text,false,"The operation lasted too long: It took 1,021 milliseconds, but should not have lasted longer than 800 milliseconds.",231,161,7,21,http://localhost:8079/?token=518499913&user=-1355070315&config=2,1021,0,0
1778805844346,1422,Config #1,200,OK,Group #1 3-7,text,false,"The operation lasted too long: It took 1,422 milliseconds, but should not have lasted longer than 800 milliseconds.",231,161,7,21,http://localhost:8079/?token=518499913&user=-1355070315&config=1,1422,0,0
1778805845183,616,Config #3,200,OK,Group #3 1-4,text,true,,231,161,7,21,http://localhost:8079/?token=518499913&user=-1355070315&config=3,616,0,0
1778805844492,1423,Config #1,200,OK,Group #1 3-3,text,false,"The operation lasted too long: It took 1,423 milliseconds, but should not have lasted longer than 800 milliseconds.",231,161,7,21,http://localhost:8079/?token=518499913&user=-1355070315&config=1,1423,0,0
1778805845197,1016,Config #2,200,OK,Group #2 2-4,text,false,"The operation lasted too long: It took 1,016 milliseconds, but should not have lasted longer than 800 milliseconds.",231,161,7,21,http://localhost:8079/?token=518499913&user=-1355070315&config=2,1016,0,0
1778805845899,617,Config #3,200,OK,Group #3 1-5,text,true,,231,161,7,21,http://localhost:8079/?token=518499913&user=-1355070315&config=3,616,0,0
1778805845204,1420,Config #1,200,OK,Group #1 3-4,text,false,"The operation lasted too long: It took 1,420 milliseconds, but should not have lasted longer than 800 milliseconds.",231,161,7,21,http://localhost:8079/?token=518499913&user=-1355070315&config=1,1420,0,0
1778805846096,707,Config #3,200,OK,Group #3 1-1,text,true,,231,161,7,21,http://localhost:8079/?token=518499913&user=-1355070315&config=3,707,0,0
1778805845907,1019,Config #2,200,OK,Group #2 2-5,text,false,"The operation lasted too long: It took 1,019 milliseconds, but should not have lasted longer than 800 milliseconds.",231,161,7,21,http://localhost:8079/?token=518499913&user=-1355070315&config=2,1019,0,0
1778805846097,1109,Config #2,200,OK,Group #2 2-1,text,false,"The operation lasted too long: It took 1,109 milliseconds, but should not have lasted longer than 800 milliseconds.",231,161,7,21,http://localhost:8079/?token=518499913&user=-1355070315&config=2,1109,0,0
1778805846609,635,Config #3,200,OK,Group #3 1-6,text,true,,231,161,7,21,http://localhost:8079/?token=518499913&user=-1355070315&config=3,635,0,0
1778805845917,1415,Config #1,200,OK,Group #1 3-5,text,false,"The operation lasted too long: It took 1,415 milliseconds, but should not have lasted longer than 800 milliseconds.",231,161,7,21,http://localhost:8079/?token=518499913&user=-1355070315&config=1,1414,0,0
1778805846757,628,Config #3,200,OK,Group #3 1-2,text,true,,231,161,7,21,http://localhost:8079/?token=518499913&user=-1355070315&config=3,628,0,0
1778805846097,1507,Config #1,200,OK,Group #1 3-1,text,false,"The operation lasted too long: It took 1,507 milliseconds, but should not have lasted longer than 800 milliseconds.",231,161,7,21,http://localhost:8079/?token=518499913&user=-1355070315&config=1,1507,0,0
1778805846628,1027,Config #2,200,OK,Group #2 2-6,text,false,"The operation lasted too long: It took 1,027 milliseconds, but should not have lasted longer than 800 milliseconds.",231,161,7,21,http://localhost:8079/?token=518499913&user=-1355070315&config=2,1027,0,0
1778805846768,1021,Config #2,200,OK,Group #2 2-2,text,false,"The operation lasted too long: It took 1,021 milliseconds, but should not have lasted longer than 800 milliseconds.",231,161,7,21,http://localhost:8079/?token=518499913&user=-1355070315&config=2,1021,0,0
1778805847321,619,Config #3,200,OK,Group #3 1-7,text,true,,231,161,7,21,http://localhost:8079/?token=518499913&user=-1355070315&config=3,619,0,0
1778805846633,1425,Config #1,200,OK,Group #1 3-6,text,false,"The operation lasted too long: It took 1,425 milliseconds, but should not have lasted longer than 800 milliseconds.",231,161,7,21,http://localhost:8079/?token=518499913&user=-1355070315&config=1,1424,0,0
1778805847470,620,Config #3,200,OK,Group #3 1-3,text,true,,231,161,7,21,http://localhost:8079/?token=518499913&user=-1355070315&config=3,620,0,0
1778805846775,1424,Config #1,200,OK,Group #1 3-2,text,false,"The operation lasted too long: It took 1,424 milliseconds, but should not have lasted longer than 800 milliseconds.",231,161,7,21,http://localhost:8079/?token=518499913&user=-1355070315&config=1,1424,0,0
1778805847335,1074,Config #2,200,OK,Group #2 2-7,text,false,"The operation lasted too long: It took 1,074 milliseconds, but should not have lasted longer than 800 milliseconds.",231,161,7,21,http://localhost:8079/?token=518499913&user=-1355070315&config=2,1074,0,0
1778805847483,1024,Config #2,200,OK,Group #2 2-3,text,false,"The operation lasted too long: It took 1,024 milliseconds, but should not have lasted longer than 800 milliseconds.",231,161,7,21,http://localhost:8079/?token=518499913&user=-1355070315&config=2,1024,0,0
1778805847345,1419,Config #1,200,OK,Group #1 3-7,text,false,"The operation lasted too long: It took 1,419 milliseconds, but should not have lasted longer than 800 milliseconds.",231,161,7,21,http://localhost:8079/?token=518499913&user=-1355070315&config=1,1419,0,0
1778805848182,618,Config #3,200,OK,Group #3 1-4,text,true,,231,161,7,21,http://localhost:8079/?token=518499913&user=-1355070315&config=3,618,0,0
1778805847493,1424,Config #1,200,OK,Group #1 3-3,text,false,"The operation lasted too long: It took 1,424 milliseconds, but should not have lasted longer than 800 milliseconds.",231,161,7,21,http://localhost:8079/?token=518499913&user=-1355070315&config=1,1424,0,0
1778805848197,1023,Config #2,200,OK,Group #2 2-4,text,false,"The operation lasted too long: It took 1,023 milliseconds, but should not have lasted longer than 800 milliseconds.",231,161,7,21,http://localhost:8079/?token=518499913&user=-1355070315&config=2,1023,0,0
1778805848899,614,Config #3,200,OK,Group #3 1-5,text,true,,231,161,7,21,http://localhost:8079/?token=518499913&user=-1355070315&config=3,613,0,0
1778805848203,1421,Config #1,200,OK,Group #1 3-4,text,false,"The operation lasted too long: It took 1,421 milliseconds, but should not have lasted longer than 800 milliseconds.",231,161,7,21,http://localhost:8079/?token=518499913&user=-1355070315&config=1,1421,0,0
1778805849096,617,Config #3,200,OK,Group #3 1-1,text,true,,231,161,7,21,http://localhost:8079/?token=518499913&user=-1355070315&config=3,617,0,0
1778805848907,1020,Config #2,200,OK,Group #2 2-5,text,false,"The operation lasted too long: It took 1,020 milliseconds, but should not have lasted longer than 800 milliseconds.",231,161,7,21,http://localhost:8079/?token=518499913&user=-1355070315&config=2,1020,0,0
1778805849097,1025,Config #2,200,OK,Group #2 2-1,text,false,"The operation lasted too long: It took 1,025 milliseconds, but should not have lasted longer than 800 milliseconds.",231,161,7,21,http://localhost:8079/?token=518499913&user=-1355070315&config=2,1025,0,0
1778805849609,617,Config #3,200,OK,Group #3 1-6,text,true,,231,161,7,21,http://localhost:8079/?token=518499913&user=-1355070315&config=3,617,0,0
1778805848917,1419,Config #1,200,OK,Group #1 3-5,text,false,"The operation lasted too long: It took 1,419 milliseconds, but should not have lasted longer than 800 milliseconds.",231,161,7,21,http://localhost:8079/?token=518499913&user=-1355070315&config=1,1419,0,0
1778805849757,623,Config #3,200,OK,Group #3 1-2,text,true,,231,161,7,21,http://localhost:8079/?token=518499913&user=-1355070315&config=3,623,0,0
1778805849097,1428,Config #1,200,OK,Group #1 3-1,text,false,"The operation lasted too long: It took 1,428 milliseconds, but should not have lasted longer than 800 milliseconds.",231,161,7,21,http://localhost:8079/?token=518499913&user=-1355070315&config=1,1428,0,0
1778805849628,1018,Config #2,200,OK,Group #2 2-6,text,false,"The operation lasted too long: It took 1,018 milliseconds, but should not have lasted longer than 800 milliseconds.",231,161,7,21,http://localhost:8079/?token=518499913&user=-1355070315&config=2,1018,0,0
1778805849767,1025,Config #2,200,OK,Group #2 2-2,text,false,"The operation lasted too long: It took 1,025 milliseconds, but should not have lasted longer than 800 milliseconds.",231,161,7,21,http://localhost:8079/?token=518499913&user=-1355070315&config=2,1025,0,0
1778805850321,618,Config #3,200,OK,Group #3 1-7,text,true,,231,161,7,21,http://localhost:8079/?token=518499913&user=-1355070315&config=3,618,0,0
1778805849632,1423,Config #1,200,OK,Group #1 3-6,text,false,"The operation lasted too long: It took 1,423 milliseconds, but should not have lasted longer than 800 milliseconds.",231,161,7,21,http://localhost:8079/?token=518499913&user=-1355070315&config=1,1423,0,0
1778805850470,619,Config #3,200,OK,Group #3 1-3,text,true,,231,161,7,21,http://localhost:8079/?token=518499913&user=-1355070315&config=3,619,0,0
1778805849775,1422,Config #1,200,OK,Group #1 3-2,text,false,"The operation lasted too long: It took 1,422 milliseconds, but should not have lasted longer than 800 milliseconds.",231,161,7,21,http://localhost:8079/?token=518499913&user=-1355070315&config=1,1422,0,0
1778805850336,1020,Config #2,200,OK,Group #2 2-7,text,false,"The operation lasted too long: It took 1,020 milliseconds, but should not have lasted longer than 800 milliseconds.",231,161,7,21,http://localhost:8079/?token=518499913&user=-1355070315&config=2,1020,0,0
1778805850483,1023,Config #2,200,OK,Group #2 2-3,text,false,"The operation lasted too long: It took 1,023 milliseconds, but should not have lasted longer than 800 milliseconds.",231,161,7,21,http://localhost:8079/?token=518499913&user=-1355070315&config=2,1023,0,0
1778805850348,1446,Config #1,200,OK,Group #1 3-7,text,false,"The operation lasted too long: It took 1,446 milliseconds, but should not have lasted longer than 800 milliseconds.",231,161,7,21,http://localhost:8079/?token=518499913&user=-1355070315&config=1,1446,0,0
1778805851183,646,Config #3,200,OK,Group #3 1-4,text,true,,231,161,7,21,http://localhost:8079/?token=518499913&user=-1355070315&config=3,646,0,0
1778805850493,1451,Config #1,200,OK,Group #1 3-3,text,false,"The operation lasted too long: It took 1,451 milliseconds, but should not have lasted longer than 800 milliseconds.",231,161,7,21,http://localhost:8079/?token=518499913&user=-1355070315&config=1,1451,0,0
1778805851197,1021,Config #2,200,OK,Group #2 2-4,text,false,"The operation lasted too long: It took 1,021 milliseconds, but should not have lasted longer than 800 milliseconds.",231,161,7,21,http://localhost:8079/?token=518499913&user=-1355070315&config=2,1021,0,0
1778805851900,656,Config #3,200,OK,Group #3 1-5,text,true,,231,161,7,21,http://localhost:8079/?token=518499913&user=-1355070315&config=3,656,0,0
1778805851204,1421,Config #1,200,OK,Group #1 3-4,text,false,"The operation lasted too long: It took 1,421 milliseconds, but should not have lasted longer than 800 milliseconds.",231,161,7,21,http://localhost:8079/?token=518499913&user=-1355070315&config=1,1421,0,0
1778805852097,618,Config #3,200,OK,Group #3 1-1,text,true,,231,161,7,21,http://localhost:8079/?token=518499913&user=-1355070315&config=3,618,0,0
1778805851907,1056,Config #2,200,OK,Group #2 2-5,text,false,"The operation lasted too long: It took 1,056 milliseconds, but should not have lasted longer than 800 milliseconds.",231,161,7,21,http://localhost:8079/?token=518499913&user=-1355070315&config=2,1056,0,0
1778805852098,1026,Config #2,200,OK,Group #2 2-1,text,false,"The operation lasted too long: It took 1,026 milliseconds, but should not have lasted longer than 800 milliseconds.",231,161,7,21,http://localhost:8079/?token=518499913&user=-1355070315&config=2,1026,0,0
1778805852609,633,Config #3,200,OK,Group #3 1-6,text,true,,231,161,7,21,http://localhost:8079/?token=518499913&user=-1355070315&config=3,633,0,0
1778805851918,1447,Config #1,200,OK,Group #1 3-5,text,false,"The operation lasted too long: It took 1,447 milliseconds, but should not have lasted longer than 800 milliseconds.",231,161,7,21,http://localhost:8079/?token=518499913&user=-1355070315&config=1,1447,0,0
1778805852757,636,Config #3,200,OK,Group #3 1-2,text,true,,231,161,7,21,http://localhost:8079/?token=518499913&user=-1355070315&config=3,636,0,0
1778805852096,1421,Config #1,200,OK,Group #1 3-1,text,false,"The operation lasted too long: It took 1,421 milliseconds, but should not have lasted longer than 800 milliseconds.",231,161,7,21,http://localhost:8079/?token=518499913&user=-1355070315&config=1,1421,0,0
1778805852629,1021,Config #2,200,OK,Group #2 2-6,text,false,"The operation lasted too long: It took 1,021 milliseconds, but should not have lasted longer than 800 milliseconds.",231,161,7,21,http://localhost:8079/?token=518499913&user=-1355070315&config=2,1021,0,0
1778805852768,1022,Config #2,200,OK,Group #2 2-2,text,false,"The operation lasted too long: It took 1,022 milliseconds, but should not have lasted longer than 800 milliseconds.",231,161,7,21,http://localhost:8079/?token=518499913&user=-1355070315&config=2,1022,0,0
1778805853322,619,Config #3,200,OK,Group #3 1-7,text,true,,231,161,7,21,http://localhost:8079/?token=518499913&user=-1355070315&config=3,619,0,0
1778805852632,1426,Config #1,200,OK,Group #1 3-6,text,false,"The operation lasted too long: It took 1,426 milliseconds, but should not have lasted longer than 800 milliseconds.",231,161,7,21,http://localhost:8079/?token=518499913&user=-1355070315&config=1,1425,0,0
1778805853470,624,Config #3,200,OK,Group #3 1-3,text,true,,231,161,7,21,http://localhost:8079/?token=518499913&user=-1355070315&config=3,624,0,0
1778805852776,1424,Config #1,200,OK,Group #1 3-2,text,false,"The operation lasted too long: It took 1,424 milliseconds, but should not have lasted longer than 800 milliseconds.",231,161,7,21,http://localhost:8079/?token=518499913&user=-1355070315&config=1,1424,0,0
1778805853335,1022,Config #2,200,OK,Group #2 2-7,text,false,"The operation lasted too long: It took 1,022 milliseconds, but should not have lasted longer than 800 milliseconds.",231,161,7,21,http://localhost:8079/?token=518499913&user=-1355070315&config=2,1021,0,0
1778805853482,1023,Config #2,200,OK,Group #2 2-3,text,false,"The operation lasted too long: It took 1,023 milliseconds, but should not have lasted longer than 800 milliseconds.",231,161,7,21,http://localhost:8079/?token=518499913&user=-1355070315&config=2,1023,0,0
1778805853346,1424,Config #1,200,OK,Group #1 3-7,text,false,"The operation lasted too long: It took 1,424 milliseconds, but should not have lasted longer than 800 milliseconds.",231,161,7,21,http://localhost:8079/?token=518499913&user=-1355070315&config=1,1424,0,0
1778805854182,620,Config #3,200,OK,Group #3 1-4,text,true,,231,161,7,21,http://localhost:8079/?token=518499913&user=-1355070315&config=3,619,0,0
1778805853492,1423,Config #1,200,OK,Group #1 3-3,text,false,"The operation lasted too long: It took 1,423 milliseconds, but should not have lasted longer than 800 milliseconds.",231,161,7,21,http://localhost:8079/?token=518499913&user=-1355070315&config=1,1423,0,0
1778805854198,1018,Config #2,200,OK,Group #2 2-4,text,false,"The operation lasted too long: It took 1,018 milliseconds, but should not have lasted longer than 800 milliseconds.",231,161,7,21,http://localhost:8079/?token=518499913&user=-1355070315&config=2,1018,0,0
1778805854901,612,Config #3,200,OK,Group #3 1-5,text,true,,231,161,7,21,http://localhost:8079/?token=518499913&user=-1355070315&config=3,612,0,0
1778805854204,1420,Config #1,200,OK,Group #1 3-4,text,false,"The operation lasted too long: It took 1,420 milliseconds, but should not have lasted longer than 800 milliseconds.",231,161,7,21,http://localhost:8079/?token=518499913&user=-1355070315&config=1,1420,0,0
1778805855098,627,Config #3,200,OK,Group #3 1-1,text,true,,231,161,7,21,http://localhost:8079/?token=518499913&user=-1355070315&config=3,627,0,0
1778805854908,1013,Config #2,200,OK,Group #2 2-5,text,false,"The operation lasted too long: It took 1,013 milliseconds, but should not have lasted longer than 800 milliseconds.",231,161,7,21,http://localhost:8079/?token=518499913&user=-1355070315&config=2,1013,0,0
1778805855097,1018,Config #2,200,OK,Group #2 2-1,text,false,"The operation lasted too long: It took 1,018 milliseconds, but should not have lasted longer than 800 milliseconds.",231,161,7,21,http://localhost:8079/?token=518499913&user=-1355070315&config=2,1018,0,0
1778805855611,625,Config #3,200,OK,Group #3 1-6,text,true,,231,161,7,21,http://localhost:8079/?token=518499913&user=-1355070315&config=3,625,0,0
1778805854918,1420,Config #1,200,OK,Group #1 3-5,text,false,"The operation lasted too long: It took 1,420 milliseconds, but should not have lasted longer than 800 milliseconds.",231,161,7,21,http://localhost:8079/?token=518499913&user=-1355070315&config=1,1420,0,0
1778805855758,620,Config #3,200,OK,Group #3 1-2,text,true,,231,161,7,21,http://localhost:8079/?token=518499913&user=-1355070315&config=3,620,0,0
1778805855098,1426,Config #1,200,OK,Group #1 3-1,text,false,"The operation lasted too long: It took 1,426 milliseconds, but should not have lasted longer than 800 milliseconds.",231,161,7,21,http://localhost:8079/?token=518499913&user=-1355070315&config=1,1425,0,0
1778805855629,1020,Config #2,200,OK,Group #2 2-6,text,false,"The operation lasted too long: It took 1,020 milliseconds, but should not have lasted longer than 800 milliseconds.",231,161,7,21,http://localhost:8079/?token=518499913&user=-1355070315&config=2,1020,0,0
1778805855769,1026,Config #2,200,OK,Group #2 2-2,text,false,"The operation lasted too long: It took 1,026 milliseconds, but should not have lasted longer than 800 milliseconds.",231,161,7,21,http://localhost:8079/?token=518499913&user=-1355070315&config=2,1026,0,0
1778805856322,617,Config #3,200,OK,Group #3 1-7,text,true,,231,161,7,21,http://localhost:8079/?token=518499913&user=-1355070315&config=3,617,0,0
1778805855633,1429,Config #1,200,OK,Group #1 3-6,text,false,"The operation lasted too long: It took 1,429 milliseconds, but should not have lasted longer than 800 milliseconds.",231,161,7,21,http://localhost:8079/?token=518499913&user=-1355070315&config=1,1429,0,0
1778805856471,622,Config #3,200,OK,Group #3 1-3,text,true,,231,161,7,21,http://localhost:8079/?token=518499913&user=-1355070315&config=3,622,0,0
1778805855776,1427,Config #1,200,OK,Group #1 3-2,text,false,"The operation lasted too long: It took 1,427 milliseconds, but should not have lasted longer than 800 milliseconds.",231,161,7,21,http://localhost:8079/?token=518499913&user=-1355070315&config=1,1427,0,0
1778805856336,1018,Config #2,200,OK,Group #2 2-7,text,false,"The operation lasted too long: It took 1,018 milliseconds, but should not have lasted longer than 800 milliseconds.",231,161,7,21,http://localhost:8079/?token=518499913&user=-1355070315&config=2,1018,0,0
1778805856484,1022,Config #2,200,OK,Group #2 2-3,text,false,"The operation lasted too long: It took 1,022 milliseconds, but should not have lasted longer than 800 milliseconds.",231,161,7,21,http://localhost:8079/?token=518499913&user=-1355070315&config=2,1022,0,0
1778805856346,1420,Config #1,200,OK,Group #1 3-7,text,false,"The operation lasted too long: It took 1,420 milliseconds, but should not have lasted longer than 800 milliseconds.",231,161,7,21,http://localhost:8079/?token=518499913&user=-1355070315&config=1,1420,0,0
1778805857183,620,Config #3,200,OK,Group #3 1-4,text,true,,231,161,7,21,http://localhost:8079/?token=518499913&user=-1355070315&config=3,620,0,0
1778805856493,1424,Config #1,200,OK,Group #1 3-3,text,false,"The operation lasted too long: It took 1,424 milliseconds, but should not have lasted longer than 800 milliseconds.",231,161,7,21,http://localhost:8079/?token=518499913&user=-1355070315&config=1,1424,0,0
1778805857199,1022,Config #2,200,OK,Group #2 2-4,text,false,"The operation lasted too long: It took 1,022 milliseconds, but should not have lasted longer than 800 milliseconds.",231,161,7,21,http://localhost:8079/?token=518499913&user=-1355070315&config=2,1022,0,0
1778805857901,613,Config #3,200,OK,Group #3 1-5,text,true,,231,161,7,21,http://localhost:8079/?token=518499913&user=-1355070315&config=3,613,0,0
1778805857204,1423,Config #1,200,OK,Group #1 3-4,text,false,"The operation lasted too long: It took 1,423 milliseconds, but should not have lasted longer than 800 milliseconds.",231,161,7,21,http://localhost:8079/?token=518499913&user=-1355070315&config=1,1423,0,0
1778805858097,629,Config #3,200,OK,Group #3 1-1,text,true,,231,161,7,21,http://localhost:8079/?token=518499913&user=-1355070315&config=3,629,0,0
1778805857908,1014,Config #2,200,OK,Group #2 2-5,text,false,"The operation lasted too long: It took 1,014 milliseconds, but should not have lasted longer than 800 milliseconds.",231,161,7,21,http://localhost:8079/?token=518499913&user=-1355070315&config=2,1013,0,0
1778805858097,1028,Config #2,200,OK,Group #2 2-1,text,false,"The operation lasted too long: It took 1,028 milliseconds, but should not have lasted longer than 800 milliseconds.",231,161,7,21,http://localhost:8079/?token=518499913&user=-1355070315&config=2,1028,0,0
1778805858610,618,Config #3,200,OK,Group #3 1-6,text,true,,231,161,7,21,http://localhost:8079/?token=518499913&user=-1355070315&config=3,617,0,0
1778805857918,1417,Config #1,200,OK,Group #1 3-5,text,false,"The operation lasted too long: It took 1,417 milliseconds, but should not have lasted longer than 800 milliseconds.",231,161,7,21,http://localhost:8079/?token=518499913&user=-1355070315&config=1,1417,0,0
1778805858758,621,Config #3,200,OK,Group #3 1-2,text,true,,231,161,7,21,http://localhost:8079/?token=518499913&user=-1355070315&config=3,621,0,0
1778805858096,1419,Config #1,200,OK,Group #1 3-1,text,false,"The operation lasted too long: It took 1,419 milliseconds, but should not have lasted longer than 800 milliseconds.",231,161,7,21,http://localhost:8079/?token=518499913&user=-1355070315&config=1,1419,0,0
1778805858629,1026,Config #2,200,OK,Group #2 2-6,text,false,"The operation lasted too long: It took 1,026 milliseconds, but should not have lasted longer than 800 milliseconds.",231,161,7,21,http://localhost:8079/?token=518499913&user=-1355070315&config=2,1026,0,0
1778805858769,1022,Config #2,200,OK,Group #2 2-2,text,false,"The operation lasted too long: It took 1,022 milliseconds, but should not have lasted longer than 800 milliseconds.",231,161,7,21,http://localhost:8079/?token=518499913&user=-1355070315&config=2,1022,0,0
1778805859322,617,Config #3,200,OK,Group #3 1-7,text,true,,231,161,7,21,http://localhost:8079/?token=518499913&user=-1355070315&config=3,617,0,0
1778805858633,1419,Config #1,200,OK,Group #1 3-6,text,false,"The operation lasted too long: It took 1,419 milliseconds, but should not have lasted longer than 800 milliseconds.",231,161,7,21,http://localhost:8079/?token=518499913&user=-1355070315&config=1,1419,0,0
1778805859470,623,Config #3,200,OK,Group #3 1-3,text,true,,231,161,7,21,http://localhost:8079/?token=518499913&user=-1355070315&config=3,623,0,0
1778805858777,1437,Config #1,200,OK,Group #1 3-2,text,false,"The operation lasted too long: It took 1,437 milliseconds, but should not have lasted longer than 800 milliseconds.",231,161,7,21,http://localhost:8079/?token=518499913&user=-1355070315&config=1,1437,0,0
1778805859336,1019,Config #2,200,OK,Group #2 2-7,text,false,"The operation lasted too long: It took 1,019 milliseconds, but should not have lasted longer than 800 milliseconds.",231,161,7,21,http://localhost:8079/?token=518499913&user=-1355070315&config=2,1019,0,0
1778805859483,1020,Config #2,200,OK,Group #2 2-3,text,false,"The operation lasted too long: It took 1,020 milliseconds, but should not have lasted longer than 800 milliseconds.",231,161,7,21,http://localhost:8079/?token=518499913&user=-1355070315&config=2,1020,0,0
1778805859346,1419,Config #1,200,OK,Group #1 3-7,text,false,"The operation lasted too long: It took 1,419 milliseconds, but should not have lasted longer than 800 milliseconds.",231,161,7,21,http://localhost:8079/?token=518499913&user=-1355070315&config=1,1419,0,0
1778805860183,619,Config #3,200,OK,Group #3 1-4,text,true,,231,161,7,21,http://localhost:8079/?token=518499913&user=-1355070315&config=3,619,0,0
1778805859493,1424,Config #1,200,OK,Group #1 3-3,text,false,"The operation lasted too long: It took 1,424 milliseconds, but should not have lasted longer than 800 milliseconds.",231,161,7,21,http://localhost:8079/?token=518499913&user=-1355070315&config=1,1423,0,0
1778805860198,1021,Config #2,200,OK,Group #2 2-4,text,false,"The operation lasted too long: It took 1,021 milliseconds, but should not have lasted longer than 800 milliseconds.",231,161,7,21,http://localhost:8079/?token=518499913&user=-1355070315&config=2,1021,0,0
1778805860900,617,Config #3,200,OK,Group #3 1-5,text,true,,231,161,7,21,http://localhost:8079/?token=518499913&user=-1355070315&config=3,617,0,0
1778805860205,1421,Config #1,200,OK,Group #1 3-4,text,false,"The operation lasted too long: It took 1,421 milliseconds, but should not have lasted longer than 800 milliseconds.",231,161,7,21,http://localhost:8079/?token=518499913&user=-1355070315&config=1,1421,0,0
1778805861097,618,Config #3,200,OK,Group #3 1-1,text,true,,231,161,7,21,http://localhost:8079/?token=518499913&user=-1355070315&config=3,617,0,0
1778805860908,1018,Config #2,200,OK,Group #2 2-5,text,false,"The operation lasted too long: It took 1,018 milliseconds, but should not have lasted longer than 800 milliseconds.",231,161,7,21,http://localhost:8079/?token=518499913&user=-1355070315&config=2,1018,0,0
1778805861098,1026,Config #2,200,OK,Group #2 2-1,text,false,"The operation lasted too long: It took 1,026 milliseconds, but should not have lasted longer than 800 milliseconds.",231,161,7,21,http://localhost:8079/?token=518499913&user=-1355070315&config=2,1026,0,0
1778805861610,617,Config #3,200,OK,Group #3 1-6,text,true,,231,161,7,21,http://localhost:8079/?token=518499913&user=-1355070315&config=3,617,0,0
1778805860919,1418,Config #1,200,OK,Group #1 3-5,text,false,"The operation lasted too long: It took 1,418 milliseconds, but should not have lasted longer than 800 milliseconds.",231,161,7,21,http://localhost:8079/?token=518499913&user=-1355070315&config=1,1418,0,0
1778805861758,621,Config #3,200,OK,Group #3 1-2,text,true,,231,161,7,21,http://localhost:8079/?token=518499913&user=-1355070315&config=3,621,0,0
1778805861098,1427,Config #1,200,OK,Group #1 3-1,text,false,"The operation lasted too long: It took 1,427 milliseconds, but should not have lasted longer than 800 milliseconds.",231,161,7,21,http://localhost:8079/?token=518499913&user=-1355070315&config=1,1426,0,0
1778805861629,1108,Config #2,200,OK,Group #2 2-6,text,false,"The operation lasted too long: It took 1,108 milliseconds, but should not have lasted longer than 800 milliseconds.",231,161,7,21,http://localhost:8079/?token=518499913&user=-1355070315&config=2,1108,0,0
1778805861770,1024,Config #2,200,OK,Group #2 2-2,text,false,"The operation lasted too long: It took 1,024 milliseconds, but should not have lasted longer than 800 milliseconds.",231,161,7,21,http://localhost:8079/?token=518499913&user=-1355070315&config=2,1024,0,0
1778805862323,619,Config #3,200,OK,Group #3 1-7,text,true,,231,161,7,21,http://localhost:8079/?token=518499913&user=-1355070315&config=3,619,0,0
1778805861633,1423,Config #1,200,OK,Group #1 3-6,text,false,"The operation lasted too long: It took 1,423 milliseconds, but should not have lasted longer than 800 milliseconds.",231,161,7,21,http://localhost:8079/?token=518499913&user=-1355070315&config=1,1422,0,0
1778805862470,624,Config #3,200,OK,Group #3 1-3,text,true,,231,161,7,21,http://localhost:8079/?token=518499913&user=-1355070315&config=3,624,0,0
1778805861776,1423,Config #1,200,OK,Group #1 3-2,text,false,"The operation lasted too long: It took 1,423 milliseconds, but should not have lasted longer than 800 milliseconds.",231,161,7,21,http://localhost:8079/?token=518499913&user=-1355070315&config=1,1423,0,0
1778805862337,1023,Config #2,200,OK,Group #2 2-7,text,false,"The operation lasted too long: It took 1,023 milliseconds, but should not have lasted longer than 800 milliseconds.",231,161,7,21,http://localhost:8079/?token=518499913&user=-1355070315&config=2,1022,0,0
1778805862483,1021,Config #2,200,OK,Group #2 2-3,text,false,"The operation lasted too long: It took 1,021 milliseconds, but should not have lasted longer than 800 milliseconds.",231,161,7,21,http://localhost:8079/?token=518499913&user=-1355070315&config=2,1021,0,0
1778805862346,1423,Config #1,200,OK,Group #1 3-7,text,false,"The operation lasted too long: It took 1,423 milliseconds, but should not have lasted longer than 800 milliseconds.",231,161,7,21,http://localhost:8079/?token=518499913&user=-1355070315&config=1,1423,0,0
1778805863183,619,Config #3,200,OK,Group #3 1-4,text,true,,231,161,7,21,http://localhost:8079/?token=518499913&user=-1355070315&config=3,619,0,0
1778805862494,1423,Config #1,200,OK,Group #1 3-3,text,false,"The operation lasted too long: It took 1,423 milliseconds, but should not have lasted longer than 800 milliseconds.",231,161,7,21,http://localhost:8079/?token=518499913&user=-1355070315&config=1,1423,0,0
1778805863198,1021,Config #2,200,OK,Group #2 2-4,text,false,"The operation lasted too long: It took 1,021 milliseconds, but should not have lasted longer than 800 milliseconds.",231,161,7,21,http://localhost:8079/?token=518499913&user=-1355070315&config=2,1021,0,0
1778805863901,617,Config #3,200,OK,Group #3 1-5,text,true,,231,161,7,21,http://localhost:8079/?token=518499913&user=-1355070315&config=3,617,0,0
1778805863204,1422,Config #1,200,OK,Group #1 3-4,text,false,"The operation lasted too long: It took 1,422 milliseconds, but should not have lasted longer than 800 milliseconds.",231,161,7,21,http://localhost:8079/?token=518499913&user=-1355070315&config=1,1422,0,0
1778805864097,627,Config #3,200,OK,Group #3 1-1,text,true,,231,161,7,21,http://localhost:8079/?token=518499913&user=-1355070315&config=3,627,0,0
1778805863908,1024,Config #2,200,OK,Group #2 2-5,text,false,"The operation lasted too long: It took 1,024 milliseconds, but should not have lasted longer than 800 milliseconds.",231,161,7,21,http://localhost:8079/?token=518499913&user=-1355070315&config=2,1024,0,0
1778805864098,1022,Config #2,200,OK,Group #2 2-1,text,false,"The operation lasted too long: It took 1,022 milliseconds, but should not have lasted longer than 800 milliseconds.",231,161,7,21,http://localhost:8079/?token=518499913&user=-1355070315&config=2,1022,0,0
1778805864610,621,Config #3,200,OK,Group #3 1-6,text,true,,231,161,7,21,http://localhost:8079/?token=518499913&user=-1355070315&config=3,621,0,0
1778805863918,1418,Config #1,200,OK,Group #1 3-5,text,false,"The operation lasted too long: It took 1,418 milliseconds, but should not have lasted longer than 800 milliseconds.",231,161,7,21,http://localhost:8079/?token=518499913&user=-1355070315&config=1,1418,0,0
1778805864757,631,Config #3,200,OK,Group #3 1-2,text,true,,231,161,7,21,http://localhost:8079/?token=518499913&user=-1355070315&config=3,631,0,0
1778805864097,1426,Config #1,200,OK,Group #1 3-1,text,false,"The operation lasted too long: It took 1,426 milliseconds, but should not have lasted longer than 800 milliseconds.",231,161,7,21,http://localhost:8079/?token=518499913&user=-1355070315&config=1,1426,0,0
1778805864628,1037,Config #2,200,OK,Group #2 2-6,text,false,"The operation lasted too long: It took 1,037 milliseconds, but should not have lasted longer than 800 milliseconds.",231,161,7,21,http://localhost:8079/?token=518499913&user=-1355070315&config=2,1037,0,0
1778805864769,1024,Config #2,200,OK,Group #2 2-2,text,false,"The operation lasted too long: It took 1,024 milliseconds, but should not have lasted longer than 800 milliseconds.",231,161,7,21,http://localhost:8079/?token=518499913&user=-1355070315&config=2,1024,0,0
1778805865321,617,Config #3,200,OK,Group #3 1-7,text,true,,231,161,7,21,http://localhost:8079/?token=518499913&user=-1355070315&config=3,616,0,0
1778805864632,1435,Config #1,200,OK,Group #1 3-6,text,false,"The operation lasted too long: It took 1,435 milliseconds, but should not have lasted longer than 800 milliseconds.",231,161,7,21,http://localhost:8079/?token=518499913&user=-1355070315&config=1,1434,0,0
1778805865469,627,Config #3,200,OK,Group #3 1-3,text,true,,231,161,7,21,http://localhost:8079/?token=518499913&user=-1355070315&config=3,627,0,0
1778805864776,1424,Config #1,200,OK,Group #1 3-2,text,false,"The operation lasted too long: It took 1,424 milliseconds, but should not have lasted longer than 800 milliseconds.",231,161,7,21,http://localhost:8079/?token=518499913&user=-1355070315&config=1,1424,0,0
1778805865335,1019,Config #2,200,OK,Group #2 2-7,text,false,"The operation lasted too long: It took 1,019 milliseconds, but should not have lasted longer than 800 milliseconds.",231,161,7,21,http://localhost:8079/?token=518499913&user=-1355070315&config=2,1019,0,0
1778805865482,1023,Config #2,200,OK,Group #2 2-3,text,false,"The operation lasted too long: It took 1,023 milliseconds, but should not have lasted longer than 800 milliseconds.",231,161,7,21,http://localhost:8079/?token=518499913&user=-1355070315&config=2,1023,0,0
1778805865346,1419,Config #1,200,OK,Group #1 3-7,text,false,"The operation lasted too long: It took 1,419 milliseconds, but should not have lasted longer than 800 milliseconds.",231,161,7,21,http://localhost:8079/?token=518499913&user=-1355070315&config=1,1419,0,0
1778805866182,617,Config #3,200,OK,Group #3 1-4,text,true,,231,161,7,21,http://localhost:8079/?token=518499913&user=-1355070315&config=3,617,0,0
1778805865492,1426,Config #1,200,OK,Group #1 3-3,text,false,"The operation lasted too long: It took 1,426 milliseconds, but should not have lasted longer than 800 milliseconds.",231,161,7,21,http://localhost:8079/?token=518499913&user=-1355070315&config=1,1426,0,0
1778805866197,1018,Config #2,200,OK,Group #2 2-4,text,false,"The operation lasted too long: It took 1,018 milliseconds, but should not have lasted longer than 800 milliseconds.",231,161,7,21,http://localhost:8079/?token=518499913&user=-1355070315&config=2,1017,0,0
1778805866899,613,Config #3,200,OK,Group #3 1-5,text,true,,231,161,7,21,http://localhost:8079/?token=518499913&user=-1355070315&config=3,613,0,0
1778805866203,1419,Config #1,200,OK,Group #1 3-4,text,false,"The operation lasted too long: It took 1,419 milliseconds, but should not have lasted longer than 800 milliseconds.",231,161,7,21,http://localhost:8079/?token=518499913&user=-1355070315&config=1,1419,0,0
1778805867096,622,Config #3,200,OK,Group #3 1-1,text,true,,231,161,7,21,http://localhost:8079/?token=518499913&user=-1355070315&config=3,622,0,0
1778805866907,1015,Config #2,200,OK,Group #2 2-5,text,false,"The operation lasted too long: It took 1,015 milliseconds, but should not have lasted longer than 800 milliseconds.",231,161,7,21,http://localhost:8079/?token=518499913&user=-1355070315&config=2,1015,0,0
1778805867096,1019,Config #2,200,OK,Group #2 2-1,text,false,"The operation lasted too long: It took 1,019 milliseconds, but should not have lasted longer than 800 milliseconds.",231,161,7,21,http://localhost:8079/?token=518499913&user=-1355070315&config=2,1019,0,0
1778805867610,623,Config #3,200,OK,Group #3 1-6,text,true,,231,161,7,21,http://localhost:8079/?token=518499913&user=-1355070315&config=3,623,0,0
1778805866918,1420,Config #1,200,OK,Group #1 3-5,text,false,"The operation lasted too long: It took 1,420 milliseconds, but should not have lasted longer than 800 milliseconds.",231,161,7,21,http://localhost:8079/?token=518499913&user=-1355070315&config=1,1420,0,0
1778805867757,622,Config #3,200,OK,Group #3 1-2,text,true,,231,161,7,21,http://localhost:8079/?token=518499913&user=-1355070315&config=3,622,0,0
1778805867097,1427,Config #1,200,OK,Group #1 3-1,text,false,"The operation lasted too long: It took 1,427 milliseconds, but should not have lasted longer than 800 milliseconds.",231,161,7,21,http://localhost:8079/?token=518499913&user=-1355070315&config=1,1427,0,0
1778805867629,1018,Config #2,200,OK,Group #2 2-6,text,false,"The operation lasted too long: It took 1,018 milliseconds, but should not have lasted longer than 800 milliseconds.",231,161,7,21,http://localhost:8079/?token=518499913&user=-1355070315&config=2,1018,0,0
1778805867768,1021,Config #2,200,OK,Group #2 2-2,text,false,"The operation lasted too long: It took 1,021 milliseconds, but should not have lasted longer than 800 milliseconds.",231,161,7,21,http://localhost:8079/?token=518499913&user=-1355070315&config=2,1021,0,0
1778805868321,619,Config #3,200,OK,Group #3 1-7,text,true,,231,161,7,21,http://localhost:8079/?token=518499913&user=-1355070315&config=3,619,0,0
1778805867632,1424,Config #1,200,OK,Group #1 3-6,text,false,"The operation lasted too long: It took 1,424 milliseconds, but should not have lasted longer than 800 milliseconds.",231,161,7,21,http://localhost:8079/?token=518499913&user=-1355070315&config=1,1424,0,0
1778805868469,620,Config #3,200,OK,Group #3 1-3,text,true,,231,161,7,21,http://localhost:8079/?token=518499913&user=-1355070315&config=3,620,0,0
1778805867775,1423,Config #1,200,OK,Group #1 3-2,text,false,"The operation lasted too long: It took 1,423 milliseconds, but should not have lasted longer than 800 milliseconds.",231,161,7,21,http://localhost:8079/?token=518499913&user=-1355070315&config=1,1423,0,0
1778805868336,1020,Config #2,200,OK,Group #2 2-7,text,false,"The operation lasted too long: It took 1,020 milliseconds, but should not have lasted longer than 800 milliseconds.",231,161,7,21,http://localhost:8079/?token=518499913&user=-1355070315&config=2,1020,0,0
1778805868482,1022,Config #2,200,OK,Group #2 2-3,text,false,"The operation lasted too long: It took 1,022 milliseconds, but should not have lasted longer than 800 milliseconds.",231,161,7,21,http://localhost:8079/?token=518499913&user=-1355070315&config=2,1022,0,0
1778805868345,1424,Config #1,200,OK,Group #1 3-7,text,false,"The operation lasted too long: It took 1,424 milliseconds, but should not have lasted longer than 800 milliseconds.",231,161,7,21,http://localhost:8079/?token=518499913&user=-1355070315&config=1,1424,0,0
1778805869182,621,Config #3,200,OK,Group #3 1-4,text,true,,231,161,7,21,http://localhost:8079/?token=518499913&user=-1355070315&config=3,621,0,0
1778805868492,1422,Config #1,200,OK,Group #1 3-3,text,false,"The operation lasted too long: It took 1,422 milliseconds, but should not have lasted longer than 800 milliseconds.",231,161,7,21,http://localhost:8079/?token=518499913&user=-1355070315&config=1,1422,0,0
1778805869198,1021,Config #2,200,OK,Group #2 2-4,text,false,"The operation lasted too long: It took 1,021 milliseconds, but should not have lasted longer than 800 milliseconds.",231,161,7,21,http://localhost:8079/?token=518499913&user=-1355070315&config=2,1021,0,0
1778805869900,614,Config #3,200,OK,Group #3 1-5,text,true,,231,161,7,21,http://localhost:8079/?token=518499913&user=-1355070315&config=3,614,0,0
1778805869204,1425,Config #1,200,OK,Group #1 3-4,text,false,"The operation lasted too long: It took 1,425 milliseconds, but should not have lasted longer than 800 milliseconds.",231,161,7,21,http://localhost:8079/?token=518499913&user=-1355070315&config=1,1425,0,0
1778805870098,622,Config #3,200,OK,Group #3 1-1,text,true,,231,161,7,21,http://localhost:8079/?token=518499913&user=-1355070315&config=3,622,0,0
1778805869909,1019,Config #2,200,OK,Group #2 2-5,text,false,"The operation lasted too long: It took 1,019 milliseconds, but should not have lasted longer than 800 milliseconds.",231,161,7,21,http://localhost:8079/?token=518499913&user=-1355070315&config=2,1019,0,0
1778805870097,1019,Config #2,200,OK,Group #2 2-1,text,false,"The operation lasted too long: It took 1,019 milliseconds, but should not have lasted longer than 800 milliseconds.",231,161,7,21,http://localhost:8079/?token=518499913&user=-1355070315&config=2,1019,0,0
1778805870611,617,Config #3,200,OK,Group #3 1-6,text,true,,231,161,7,21,http://localhost:8079/?token=518499913&user=-1355070315&config=3,617,0,0
1778805869918,1428,Config #1,200,OK,Group #1 3-5,text,false,"The operation lasted too long: It took 1,428 milliseconds, but should not have lasted longer than 800 milliseconds.",231,161,7,21,http://localhost:8079/?token=518499913&user=-1355070315&config=1,1428,0,0
1778805870758,622,Config #3,200,OK,Group #3 1-2,text,true,,231,161,7,21,http://localhost:8079/?token=518499913&user=-1355070315&config=3,622,0,0
1778805870097,1421,Config #1,200,OK,Group #1 3-1,text,false,"The operation lasted too long: It took 1,421 milliseconds, but should not have lasted longer than 800 milliseconds.",231,161,7,21,http://localhost:8079/?token=518499913&user=-1355070315&config=1,1421,0,0
1778805870629,1024,Config #2,200,OK,Group #2 2-6,text,false,"The operation lasted too long: It took 1,024 milliseconds, but should not have lasted longer than 800 milliseconds.",231,161,7,21,http://localhost:8079/?token=518499913&user=-1355070315&config=2,1024,0,0
1778805870769,1021,Config #2,200,OK,Group #2 2-2,text,false,"The operation lasted too long: It took 1,021 milliseconds, but should not have lasted longer than 800 milliseconds.",231,161,7,21,http://localhost:8079/?token=518499913&user=-1355070315&config=2,1021,0,0
1778805871322,620,Config #3,200,OK,Group #3 1-7,text,true,,231,161,7,21,http://localhost:8079/?token=518499913&user=-1355070315&config=3,620,0,0
1778805870633,1422,Config #1,200,OK,Group #1 3-6,text,false,"The operation lasted too long: It took 1,422 milliseconds, but should not have lasted longer than 800 milliseconds.",231,161,7,21,http://localhost:8079/?token=518499913&user=-1355070315&config=1,1422,0,0
1778805871470,620,Config #3,200,OK,Group #3 1-3,text,true,,231,161,7,21,http://localhost:8079/?token=518499913&user=-1355070315&config=3,620,0,0
1778805870776,1421,Config #1,200,OK,Group #1 3-2,text,false,"The operation lasted too long: It took 1,421 milliseconds, but should not have lasted longer than 800 milliseconds.",231,161,7,21,http://localhost:8079/?token=518499913&user=-1355070315&config=1,1421,0,0
1778805871337,1020,Config #2,200,OK,Group #2 2-7,text,false,"The operation lasted too long: It took 1,020 milliseconds, but should not have lasted longer than 800 milliseconds.",231,161,7,21,http://localhost:8079/?token=518499913&user=-1355070315&config=2,1020,0,0
1778805871483,1021,Config #2,200,OK,Group #2 2-3,text,false,"The operation lasted too long: It took 1,021 milliseconds, but should not have lasted longer than 800 milliseconds.",231,161,7,21,http://localhost:8079/?token=518499913&user=-1355070315&config=2,1021,0,0
1778805871346,1422,Config #1,200,OK,Group #1 3-7,text,false,"The operation lasted too long: It took 1,422 milliseconds, but should not have lasted longer than 800 milliseconds.",231,161,7,21,http://localhost:8079/?token=518499913&user=-1355070315&config=1,1422,0,0
1778805872183,617,Config #3,200,OK,Group #3 1-4,text,true,,231,161,7,21,http://localhost:8079/?token=518499913&user=-1355070315&config=3,617,0,0
1778805871494,1425,Config #1,200,OK,Group #1 3-3,text,false,"The operation lasted too long: It took 1,425 milliseconds, but should not have lasted longer than 800 milliseconds.",231,161,7,21,http://localhost:8079/?token=518499913&user=-1355070315&config=1,1425,0,0
1778805872199,1020,Config #2,200,OK,Group #2 2-4,text,false,"The operation lasted too long: It took 1,020 milliseconds, but should not have lasted longer than 800 milliseconds.",231,161,7,21,http://localhost:8079/?token=518499913&user=-1355070315&config=2,1020,0,0
1778805872900,617,Config #3,200,OK,Group #3 1-5,text,true,,231,161,7,21,http://localhost:8079/?token=518499913&user=-1355070315&config=3,617,0,0
1778805872204,1424,Config #1,200,OK,Group #1 3-4,text,false,"The operation lasted too long: It took 1,424 milliseconds, but should not have lasted longer than 800 milliseconds.",231,161,7,21,http://localhost:8079/?token=518499913&user=-1355070315&config=1,1424,0,0
1778805873098,624,Config #3,200,OK,Group #3 1-1,text,true,,231,161,7,21,http://localhost:8079/?token=518499913&user=-1355070315&config=3,624,0,0
1778805872908,1015,Config #2,200,OK,Group #2 2-5,text,false,"The operation lasted too long: It took 1,015 milliseconds, but should not have lasted longer than 800 milliseconds.",231,161,7,21,http://localhost:8079/?token=518499913&user=-1355070315&config=2,1015,0,0
1778805873098,1027,Config #2,200,OK,Group #2 2-1,text,false,"The operation lasted too long: It took 1,027 milliseconds, but should not have lasted longer than 800 milliseconds.",231,161,7,21,http://localhost:8079/?token=518499913&user=-1355070315&config=2,1027,0,0
1778805873610,617,Config #3,200,OK,Group #3 1-6,text,true,,231,161,7,21,http://localhost:8079/?token=518499913&user=-1355070315&config=3,617,0,0
1778805872918,1422,Config #1,200,OK,Group #1 3-5,text,false,"The operation lasted too long: It took 1,422 milliseconds, but should not have lasted longer than 800 milliseconds.",231,161,7,21,http://localhost:8079/?token=518499913&user=-1355070315&config=1,1422,0,0
1778805873758,620,Config #3,200,OK,Group #3 1-2,text,true,,231,161,7,21,http://localhost:8079/?token=518499913&user=-1355070315&config=3,620,0,0
1778805873097,1417,Config #1,200,OK,Group #1 3-1,text,false,"The operation lasted too long: It took 1,417 milliseconds, but should not have lasted longer than 800 milliseconds.",231,161,7,21,http://localhost:8079/?token=518499913&user=-1355070315&config=1,1417,0,0
1778805873630,1019,Config #2,200,OK,Group #2 2-6,text,false,"The operation lasted too long: It took 1,019 milliseconds, but should not have lasted longer than 800 milliseconds.",231,161,7,21,http://localhost:8079/?token=518499913&user=-1355070315&config=2,1019,0,0
1778805873769,1022,Config #2,200,OK,Group #2 2-2,text,false,"The operation lasted too long: It took 1,022 milliseconds, but should not have lasted longer than 800 milliseconds.",231,161,7,21,http://localhost:8079/?token=518499913&user=-1355070315&config=2,1022,0,0
1778805874321,616,Config #3,200,OK,Group #3 1-7,text,true,,231,161,7,21,http://localhost:8079/?token=518499913&user=-1355070315&config=3,616,0,0
1778805873633,1423,Config #1,200,OK,Group #1 3-6,text,false,"The operation lasted too long: It took 1,423 milliseconds, but should not have lasted longer than 800 milliseconds.",231,161,7,21,http://localhost:8079/?token=518499913&user=-1355070315&config=1,1423,0,0
1778805874471,624,Config #3,200,OK,Group #3 1-3,text,true,,231,161,7,21,http://localhost:8079/?token=518499913&user=-1355070315&config=3,624,0,0
1778805873776,1425,Config #1,200,OK,Group #1 3-2,text,false,"The operation lasted too long: It took 1,425 milliseconds, but should not have lasted longer than 800 milliseconds.",231,161,7,21,http://localhost:8079/?token=518499913&user=-1355070315&config=1,1425,0,0
1778805874336,1021,Config #2,200,OK,Group #2 2-7,text,false,"The operation lasted too long: It took 1,021 milliseconds, but should not have lasted longer than 800 milliseconds.",231,161,7,21,http://localhost:8079/?token=518499913&user=-1355070315&config=2,1021,0,0
1778805874483,1021,Config #2,200,OK,Group #2 2-3,text,false,"The operation lasted too long: It took 1,021 milliseconds, but should not have lasted longer than 800 milliseconds.",231,161,7,21,http://localhost:8079/?token=518499913&user=-1355070315&config=2,1021,0,0
1778805874347,1420,Config #1,200,OK,Group #1 3-7,text,false,"The operation lasted too long: It took 1,420 milliseconds, but should not have lasted longer than 800 milliseconds.",231,161,7,21,http://localhost:8079/?token=518499913&user=-1355070315&config=1,1419,0,0
1778805875183,616,Config #3,200,OK,Group #3 1-4,text,true,,231,161,7,21,http://localhost:8079/?token=518499913&user=-1355070315&config=3,616,0,0
1778805874494,1422,Config #1,200,OK,Group #1 3-3,text,false,"The operation lasted too long: It took 1,422 milliseconds, but should not have lasted longer than 800 milliseconds.",231,161,7,21,http://localhost:8079/?token=518499913&user=-1355070315&config=1,1422,0,0
1778805875198,1019,Config #2,200,OK,Group #2 2-4,text,false,"The operation lasted too long: It took 1,019 milliseconds, but should not have lasted longer than 800 milliseconds.",231,161,7,21,http://localhost:8079/?token=518499913&user=-1355070315&config=2,1019,0,0
1778805875900,615,Config #3,200,OK,Group #3 1-5,text,true,,231,161,7,21,http://localhost:8079/?token=518499913&user=-1355070315&config=3,615,0,0
1778805875204,1419,Config #1,200,OK,Group #1 3-4,text,false,"The operation lasted too long: It took 1,419 milliseconds, but should not have lasted longer than 800 milliseconds.",231,161,7,21,http://localhost:8079/?token=518499913&user=-1355070315&config=1,1419,0,0
1778805876097,631,Config #3,200,OK,Group #3 1-1,text,true,,231,161,7,21,http://localhost:8079/?token=518499913&user=-1355070315&config=3,631,0,0
1778805875908,1015,Config #2,200,OK,Group #2 2-5,text,false,"The operation lasted too long: It took 1,015 milliseconds, but should not have lasted longer than 800 milliseconds.",231,161,7,20,http://localhost:8079/?token=518499913&user=-1355070315&config=2,1015,0,0
1778805876097,1033,Config #2,200,OK,Group #2 2-1,text,false,"The operation lasted too long: It took 1,033 milliseconds, but should not have lasted longer than 800 milliseconds.",231,161,7,20,http://localhost:8079/?token=518499913&user=-1355070315&config=2,1033,0,0
1778805876611,629,Config #3,200,OK,Group #3 1-6,text,true,,231,161,6,19,http://localhost:8079/?token=518499913&user=-1355070315&config=3,629,0,0
1778805875919,1417,Config #1,200,OK,Group #1 3-5,text,false,"The operation lasted too long: It took 1,417 milliseconds, but should not have lasted longer than 800 milliseconds.",231,161,7,19,http://localhost:8079/?token=518499913&user=-1355070315&config=1,1417,0,0
1778805876759,623,Config #3,200,OK,Group #3 1-2,text,true,,231,161,6,19,http://localhost:8079/?token=518499913&user=-1355070315&config=3,623,0,0
1778805876098,1428,Config #1,200,OK,Group #1 3-1,text,false,"The operation lasted too long: It took 1,428 milliseconds, but should not have lasted longer than 800 milliseconds.",231,161,7,18,http://localhost:8079/?token=518499913&user=-1355070315&config=1,1428,0,0
1778805876629,1025,Config #2,200,OK,Group #2 2-6,text,false,"The operation lasted too long: It took 1,025 milliseconds, but should not have lasted longer than 800 milliseconds.",231,161,6,17,http://localhost:8079/?token=518499913&user=-1355070315&config=2,1025,0,0
1778805876770,1023,Config #2,200,OK,Group #2 2-2,text,false,"The operation lasted too long: It took 1,023 milliseconds, but should not have lasted longer than 800 milliseconds.",231,161,6,17,http://localhost:8079/?token=518499913&user=-1355070315&config=2,1023,0,0
1778805877323,622,Config #3,200,OK,Group #3 1-7,text,true,,231,161,5,16,http://localhost:8079/?token=518499913&user=-1355070315&config=3,622,0,0
1778805876633,1423,Config #1,200,OK,Group #1 3-6,text,false,"The operation lasted too long: It took 1,423 milliseconds, but should not have lasted longer than 800 milliseconds.",231,161,6,16,http://localhost:8079/?token=518499913&user=-1355070315&config=1,1423,0,0
1778805877470,626,Config #3,200,OK,Group #3 1-3,text,true,,231,161,5,16,http://localhost:8079/?token=518499913&user=-1355070315&config=3,626,0,0
1778805876776,1441,Config #1,200,OK,Group #1 3-2,text,false,"The operation lasted too long: It took 1,441 milliseconds, but should not have lasted longer than 800 milliseconds.",231,161,6,15,http://localhost:8079/?token=518499913&user=-1355070315&config=1,1441,0,0
1778805877336,1018,Config #2,200,OK,Group #2 2-7,text,false,"The operation lasted too long: It took 1,018 milliseconds, but should not have lasted longer than 800 milliseconds.",231,161,5,14,http://localhost:8079/?token=518499913&user=-1355070315&config=2,1018,0,0
1778805877484,1022,Config #2,200,OK,Group #2 2-3,text,false,"The operation lasted too long: It took 1,022 milliseconds, but should not have lasted longer than 800 milliseconds.",231,161,5,14,http://localhost:8079/?token=518499913&user=-1355070315&config=2,1022,0,0
1778805877346,1421,Config #1,200,OK,Group #1 3-7,text,false,"The operation lasted too long: It took 1,421 milliseconds, but should not have lasted longer than 800 milliseconds.",231,161,5,13,http://localhost:8079/?token=518499913&user=-1355070315&config=1,1421,0,0
1778805878183,655,Config #3,200,OK,Group #3 1-4,text,true,,231,161,4,13,http://localhost:8079/?token=518499913&user=-1355070315&config=3,655,0,0
1778805877493,1479,Config #1,200,OK,Group #1 3-3,text,false,"The operation lasted too long: It took 1,479 milliseconds, but should not have lasted longer than 800 milliseconds.",231,161,5,12,http://localhost:8079/?token=518499913&user=-1355070315&config=1,1479,0,0
1778805878198,1020,Config #2,200,OK,Group #2 2-4,text,false,"The operation lasted too long: It took 1,020 milliseconds, but should not have lasted longer than 800 milliseconds.",231,161,4,11,http://localhost:8079/?token=518499913&user=-1355070315&config=2,1020,0,0
1778805878900,632,Config #3,200,OK,Group #3 1-5,text,true,,231,161,3,10,http://localhost:8079/?token=518499913&user=-1355070315&config=3,632,0,0
1778805878204,1440,Config #1,200,OK,Group #1 3-4,text,false,"The operation lasted too long: It took 1,440 milliseconds, but should not have lasted longer than 800 milliseconds.",231,161,4,9,http://localhost:8079/?token=518499913&user=-1355070315&config=1,1439,0,0
1778805878908,1024,Config #2,200,OK,Group #2 2-5,text,false,"The operation lasted too long: It took 1,024 milliseconds, but should not have lasted longer than 800 milliseconds.",231,161,3,8,http://localhost:8079/?token=518499913&user=-1355070315&config=2,1024,0,0
1778805879610,615,Config #3,200,OK,Group #3 1-6,text,true,,231,161,2,7,http://localhost:8079/?token=518499913&user=-1355070315&config=3,615,0,0
1778805878918,1426,Config #1,200,OK,Group #1 3-5,text,false,"The operation lasted too long: It took 1,426 milliseconds, but should not have lasted longer than 800 milliseconds.",231,161,3,6,http://localhost:8079/?token=518499913&user=-1355070315&config=1,1426,0,0
1778805879630,1016,Config #2,200,OK,Group #2 2-6,text,false,"The operation lasted too long: It took 1,016 milliseconds, but should not have lasted longer than 800 milliseconds.",231,161,2,5,http://localhost:8079/?token=518499913&user=-1355070315&config=2,1016,0,0
1778805880322,612,Config #3,200,OK,Group #3 1-7,text,true,,231,161,1,4,http://localhost:8079/?token=518499913&user=-1355070315&config=3,612,0,0
1778805879633,1419,Config #1,200,OK,Group #1 3-6,text,false,"The operation lasted too long: It took 1,419 milliseconds, but should not have lasted longer than 800 milliseconds.",231,161,2,3,http://localhost:8079/?token=518499913&user=-1355070315&config=1,1419,0,0
1778805880336,1012,Config #2,200,OK,Group #2 2-7,text,false,"The operation lasted too long: It took 1,012 milliseconds, but should not have lasted longer than 800 milliseconds.",231,161,1,2,http://localhost:8079/?token=518499913&user=-1355070315&config=2,1012,0,0
1778805880346,1416,Config #1,200,OK,Group #1 3-7,text,false,"The operation lasted too long: It took 1,416 milliseconds, but should not have lasted longer than 800 milliseconds.",231,161,1,1,http://localhost:8079/?token=518499913&user=-1355070315&config=1,1416,0,0
